Away Team,Home Team
Atlanta Braves,Arizona Diamondbacks
Atlanta Braves,Arizona Diamondbacks
Atlanta Braves,Arizona Diamondbacks
Chicago Cubs,Arizona Diamondbacks
Chicago Cubs,Arizona Diamondbacks
Chicago Cubs,Arizona Diamondbacks
Cincinnati Reds,Arizona Diamondbacks
Cincinnati Reds,Arizona Diamondbacks
Cincinnati Reds,Arizona Diamondbacks
Colorado Rockies,Arizona Diamondbacks
Colorado Rockies,Arizona Diamondbacks
Colorado Rockies,Arizona Diamondbacks
Colorado Rockies,Arizona Diamondbacks
Colorado Rockies,Arizona Diamondbacks
Colorado Rockies,Arizona Diamondbacks
Colorado Rockies,Arizona Diamondbacks
Colorado Rockies,Arizona Diamondbacks
Colorado Rockies,Arizona Diamondbacks
Colorado Rockies,Arizona Diamondbacks
Detroit Tigers,Arizona Diamondbacks
Detroit Tigers,Arizona Diamondbacks
Detroit Tigers,Arizona Diamondbacks
Houston Astros,Arizona Diamondbacks
Houston Astros,Arizona Diamondbacks
Kansas City Royals,Arizona Diamondbacks
Kansas City Royals,Arizona Diamondbacks
Los Angeles Dodgers,Arizona Diamondbacks
Los Angeles Dodgers,Arizona Diamondbacks
Los Angeles Dodgers,Arizona Diamondbacks
Los Angeles Dodgers,Arizona Diamondbacks
Los Angeles Dodgers,Arizona Diamondbacks
Los Angeles Dodgers,Arizona Diamondbacks
Los Angeles Dodgers,Arizona Diamondbacks
Los Angeles Dodgers,Arizona Diamondbacks
Los Angeles Dodgers,Arizona Diamondbacks
Los Angeles Dodgers,Arizona Diamondbacks
Miami Marlins,Arizona Diamondbacks
Miami Marlins,Arizona Diamondbacks
Miami Marlins,Arizona Diamondbacks
Milwaukee Brewers,Arizona Diamondbacks
Milwaukee Brewers,Arizona Diamondbacks
Milwaukee Brewers,Arizona Diamondbacks
Milwaukee Brewers,Arizona Diamondbacks
Minnesota Twins,Arizona Diamondbacks
Minnesota Twins,Arizona Diamondbacks
Minnesota Twins,Arizona Diamondbacks
New York Mets,Arizona Diamondbacks
New York Mets,Arizona Diamondbacks
New York Mets,Arizona Diamondbacks
Philadelphia Phillies,Arizona Diamondbacks
Philadelphia Phillies,Arizona Diamondbacks
Philadelphia Phillies,Arizona Diamondbacks
Pittsburgh Pirates,Arizona Diamondbacks
Pittsburgh Pirates,Arizona Diamondbacks
Pittsburgh Pirates,Arizona Diamondbacks
Pittsburgh Pirates,Arizona Diamondbacks
San Diego Padres,Arizona Diamondbacks
San Diego Padres,Arizona Diamondbacks
San Diego Padres,Arizona Diamondbacks
San Diego Padres,Arizona Diamondbacks
San Diego Padres,Arizona Diamondbacks
San Diego Padres,Arizona Diamondbacks
San Diego Padres,Arizona Diamondbacks
San Diego Padres,Arizona Diamondbacks
San Diego Padres,Arizona Diamondbacks
San Diego Padres,Arizona Diamondbacks
San Francisco Giants,Arizona Diamondbacks
San Francisco Giants,Arizona Diamondbacks
San Francisco Giants,Arizona Diamondbacks
San Francisco Giants,Arizona Diamondbacks
San Francisco Giants,Arizona Diamondbacks
San Francisco Giants,Arizona Diamondbacks
San Francisco Giants,Arizona Diamondbacks
San Francisco Giants,Arizona Diamondbacks
San Francisco Giants,Arizona Diamondbacks
St. Louis Cardinals,Arizona Diamondbacks
St. Louis Cardinals,Arizona Diamondbacks
St. Louis Cardinals,Arizona Diamondbacks
Washington Nationals,Arizona Diamondbacks
Washington Nationals,Arizona Diamondbacks
Washington Nationals,Arizona Diamondbacks
Arizona Diamondbacks,Atlanta Braves
Arizona Diamondbacks,Atlanta Braves
Arizona Diamondbacks,Atlanta Braves
Boston Red Sox,Atlanta Braves
Boston Red Sox,Atlanta Braves
Chicago Cubs,Atlanta Braves
Chicago Cubs,Atlanta Braves
Chicago Cubs,Atlanta Braves
Cincinnati Reds,Atlanta Braves
Cincinnati Reds,Atlanta Braves
Cincinnati Reds,Atlanta Braves
Cincinnati Reds,Atlanta Braves
Colorado Rockies,Atlanta Braves
Colorado Rockies,Atlanta Braves
Colorado Rockies,Atlanta Braves
Houston Astros,Atlanta Braves
Houston Astros,Atlanta Braves
Houston Astros,Atlanta Braves
Los Angeles Angels,Atlanta Braves
Los Angeles Angels,Atlanta Braves
Los Angeles Angels,Atlanta Braves
Los Angeles Dodgers,Atlanta Braves
Los Angeles Dodgers,Atlanta Braves
Los Angeles Dodgers,Atlanta Braves
Miami Marlins,Atlanta Braves
Miami Marlins,Atlanta Braves
Miami Marlins,Atlanta Braves
Miami Marlins,Atlanta Braves
Miami Marlins,Atlanta Braves
Miami Marlins,Atlanta Braves
Miami Marlins,Atlanta Braves
Miami Marlins,Atlanta Braves
Miami Marlins,Atlanta Braves
Milwaukee Brewers,Atlanta Braves
Milwaukee Brewers,Atlanta Braves
Milwaukee Brewers,Atlanta Braves
New York Mets,Atlanta Braves
New York Mets,Atlanta Braves
New York Mets,Atlanta Braves
New York Mets,Atlanta Braves
New York Mets,Atlanta Braves
New York Mets,Atlanta Braves
New York Mets,Atlanta Braves
New York Mets,Atlanta Braves
New York Mets,Atlanta Braves
New York Mets,Atlanta Braves
Oakland Athletics,Atlanta Braves
Oakland Athletics,Atlanta Braves
Philadelphia Phillies,Atlanta Braves
Philadelphia Phillies,Atlanta Braves
Philadelphia Phillies,Atlanta Braves
Philadelphia Phillies,Atlanta Braves
Philadelphia Phillies,Atlanta Braves
Philadelphia Phillies,Atlanta Braves
Philadelphia Phillies,Atlanta Braves
Philadelphia Phillies,Atlanta Braves
Philadelphia Phillies,Atlanta Braves
Pittsburgh Pirates,Atlanta Braves
Pittsburgh Pirates,Atlanta Braves
Pittsburgh Pirates,Atlanta Braves
Pittsburgh Pirates,Atlanta Braves
San Diego Padres,Atlanta Braves
San Diego Padres,Atlanta Braves
San Diego Padres,Atlanta Braves
San Francisco Giants,Atlanta Braves
San Francisco Giants,Atlanta Braves
San Francisco Giants,Atlanta Braves
San Francisco Giants,Atlanta Braves
St. Louis Cardinals,Atlanta Braves
St. Louis Cardinals,Atlanta Braves
St. Louis Cardinals,Atlanta Braves
St. Louis Cardinals,Atlanta Braves
Washington Nationals,Atlanta Braves
Washington Nationals,Atlanta Braves
Washington Nationals,Atlanta Braves
Washington Nationals,Atlanta Braves
Washington Nationals,Atlanta Braves
Washington Nationals,Atlanta Braves
Washington Nationals,Atlanta Braves
Washington Nationals,Atlanta Braves
Washington Nationals,Atlanta Braves
Boston Red Sox,Baltimore Orioles
Boston Red Sox,Baltimore Orioles
Boston Red Sox,Baltimore Orioles
Boston Red Sox,Baltimore Orioles
Boston Red Sox,Baltimore Orioles
Boston Red Sox,Baltimore Orioles
Boston Red Sox,Baltimore Orioles
Boston Red Sox,Baltimore Orioles
Boston Red Sox,Baltimore Orioles
Chicago Cubs,Baltimore Orioles
Chicago Cubs,Baltimore Orioles
Chicago White Sox,Baltimore Orioles
Chicago White Sox,Baltimore Orioles
Chicago White Sox,Baltimore Orioles
Cleveland Guardians,Baltimore Orioles
Cleveland Guardians,Baltimore Orioles
Cleveland Guardians,Baltimore Orioles
Detroit Tigers,Baltimore Orioles
Detroit Tigers,Baltimore Orioles
Detroit Tigers,Baltimore Orioles
Houston Astros,Baltimore Orioles
Houston Astros,Baltimore Orioles
Houston Astros,Baltimore Orioles
Houston Astros,Baltimore Orioles
Kansas City Royals,Baltimore Orioles
Kansas City Royals,Baltimore Orioles
Kansas City Royals,Baltimore Orioles
Los Angeles Angels,Baltimore Orioles
Los Angeles Angels,Baltimore Orioles
Los Angeles Angels,Baltimore Orioles
Los Angeles Angels,Baltimore Orioles
Milwaukee Brewers,Baltimore Orioles
Milwaukee Brewers,Baltimore Orioles
Milwaukee Brewers,Baltimore Orioles
Minnesota Twins,Baltimore Orioles
Minnesota Twins,Baltimore Orioles
Minnesota Twins,Baltimore Orioles
Minnesota Twins,Baltimore Orioles
New York Yankees,Baltimore Orioles
New York Yankees,Baltimore Orioles
New York Yankees,Baltimore Orioles
New York Yankees,Baltimore Orioles
New York Yankees,Baltimore Orioles
New York Yankees,Baltimore Orioles
New York Yankees,Baltimore Orioles
New York Yankees,Baltimore Orioles
New York Yankees,Baltimore Orioles
New York Yankees,Baltimore Orioles
Oakland Athletics,Baltimore Orioles
Oakland Athletics,Baltimore Orioles
Oakland Athletics,Baltimore Orioles
Pittsburgh Pirates,Baltimore Orioles
Pittsburgh Pirates,Baltimore Orioles
Pittsburgh Pirates,Baltimore Orioles
Seattle Mariners,Baltimore Orioles
Seattle Mariners,Baltimore Orioles
Seattle Mariners,Baltimore Orioles
Tampa Bay Rays,Baltimore Orioles
Tampa Bay Rays,Baltimore Orioles
Tampa Bay Rays,Baltimore Orioles
Tampa Bay Rays,Baltimore Orioles
Tampa Bay Rays,Baltimore Orioles
Tampa Bay Rays,Baltimore Orioles
Tampa Bay Rays,Baltimore Orioles
Tampa Bay Rays,Baltimore Orioles
Tampa Bay Rays,Baltimore Orioles
Tampa Bay Rays,Baltimore Orioles
Texas Rangers,Baltimore Orioles
Texas Rangers,Baltimore Orioles
Texas Rangers,Baltimore Orioles
Toronto Blue Jays,Baltimore Orioles
Toronto Blue Jays,Baltimore Orioles
Toronto Blue Jays,Baltimore Orioles
Toronto Blue Jays,Baltimore Orioles
Toronto Blue Jays,Baltimore Orioles
Toronto Blue Jays,Baltimore Orioles
Toronto Blue Jays,Baltimore Orioles
Toronto Blue Jays,Baltimore Orioles
Toronto Blue Jays,Baltimore Orioles
Washington Nationals,Baltimore Orioles
Washington Nationals,Baltimore Orioles
Atlanta Braves,Boston Red Sox
Atlanta Braves,Boston Red Sox
Baltimore Orioles,Boston Red Sox
Baltimore Orioles,Boston Red Sox
Baltimore Orioles,Boston Red Sox
Baltimore Orioles,Boston Red Sox
Baltimore Orioles,Boston Red Sox
Baltimore Orioles,Boston Red Sox
Baltimore Orioles,Boston Red Sox
Baltimore Orioles,Boston Red Sox
Baltimore Orioles,Boston Red Sox
Baltimore Orioles,Boston Red Sox
Chicago White Sox,Boston Red Sox
Chicago White Sox,Boston Red Sox
Chicago White Sox,Boston Red Sox
Cincinnati Reds,Boston Red Sox
Cincinnati Reds,Boston Red Sox
Cleveland Guardians,Boston Red Sox
Cleveland Guardians,Boston Red Sox
Cleveland Guardians,Boston Red Sox
Cleveland Guardians,Boston Red Sox
Detroit Tigers,Boston Red Sox
Detroit Tigers,Boston Red Sox
Detroit Tigers,Boston Red Sox
Houston Astros,Boston Red Sox
Houston Astros,Boston Red Sox
Houston Astros,Boston Red Sox
Kansas City Royals,Boston Red Sox
Kansas City Royals,Boston Red Sox
Kansas City Royals,Boston Red Sox
Los Angeles Angels,Boston Red Sox
Los Angeles Angels,Boston Red Sox
Los Angeles Angels,Boston Red Sox
Milwaukee Brewers,Boston Red Sox
Milwaukee Brewers,Boston Red Sox
Milwaukee Brewers,Boston Red Sox
Minnesota Twins,Boston Red Sox
Minnesota Twins,Boston Red Sox
Minnesota Twins,Boston Red Sox
Minnesota Twins,Boston Red Sox
New York Yankees,Boston Red Sox
New York Yankees,Boston Red Sox
New York Yankees,Boston Red Sox
New York Yankees,Boston Red Sox
New York Yankees,Boston Red Sox
New York Yankees,Boston Red Sox
New York Yankees,Boston Red Sox
New York Yankees,Boston Red Sox
New York Yankees,Boston Red Sox
Oakland Athletics,Boston Red Sox
Oakland Athletics,Boston Red Sox
Oakland Athletics,Boston Red Sox
Seattle Mariners,Boston Red Sox
Seattle Mariners,Boston Red Sox
Seattle Mariners,Boston Red Sox
Seattle Mariners,Boston Red Sox
St. Louis Cardinals,Boston Red Sox
St. Louis Cardinals,Boston Red Sox
St. Louis Cardinals,Boston Red Sox
Tampa Bay Rays,Boston Red Sox
Tampa Bay Rays,Boston Red Sox
Tampa Bay Rays,Boston Red Sox
Tampa Bay Rays,Boston Red Sox
Tampa Bay Rays,Boston Red Sox
Tampa Bay Rays,Boston Red Sox
Tampa Bay Rays,Boston Red Sox
Tampa Bay Rays,Boston Red Sox
Tampa Bay Rays,Boston Red Sox
Texas Rangers,Boston Red Sox
Texas Rangers,Boston Red Sox
Texas Rangers,Boston Red Sox
Texas Rangers,Boston Red Sox
Toronto Blue Jays,Boston Red Sox
Toronto Blue Jays,Boston Red Sox
Toronto Blue Jays,Boston Red Sox
Toronto Blue Jays,Boston Red Sox
Toronto Blue Jays,Boston Red Sox
Toronto Blue Jays,Boston Red Sox
Toronto Blue Jays,Boston Red Sox
Toronto Blue Jays,Boston Red Sox
Toronto Blue Jays,Boston Red Sox
Arizona Diamondbacks,Chicago Cubs
Arizona Diamondbacks,Chicago Cubs
Arizona Diamondbacks,Chicago Cubs
Arizona Diamondbacks,Chicago Cubs
Atlanta Braves,Chicago Cubs
Atlanta Braves,Chicago Cubs
Atlanta Braves,Chicago Cubs
Baltimore Orioles,Chicago Cubs
Baltimore Orioles,Chicago Cubs
Boston Red Sox,Chicago Cubs
Boston Red Sox,Chicago Cubs
Boston Red Sox,Chicago Cubs
Chicago White Sox,Chicago Cubs
Chicago White Sox,Chicago Cubs
Cincinnati Reds,Chicago Cubs
Cincinnati Reds,Chicago Cubs
Cincinnati Reds,Chicago Cubs
Cincinnati Reds,Chicago Cubs
Cincinnati Reds,Chicago Cubs
Cincinnati Reds,Chicago Cubs
Cincinnati Reds,Chicago Cubs
Cincinnati Reds,Chicago Cubs
Cincinnati Reds,Chicago Cubs
Colorado Rockies,Chicago Cubs
Colorado Rockies,Chicago Cubs
Colorado Rockies,Chicago Cubs
Los Angeles Dodgers,Chicago Cubs
Los Angeles Dodgers,Chicago Cubs
Los Angeles Dodgers,Chicago Cubs
Miami Marlins,Chicago Cubs
Miami Marlins,Chicago Cubs
Miami Marlins,Chicago Cubs
Milwaukee Brewers,Chicago Cubs
Milwaukee Brewers,Chicago Cubs
Milwaukee Brewers,Chicago Cubs
Milwaukee Brewers,Chicago Cubs
Milwaukee Brewers,Chicago Cubs
Milwaukee Brewers,Chicago Cubs
Milwaukee Brewers,Chicago Cubs
Milwaukee Brewers,Chicago Cubs
Milwaukee Brewers,Chicago Cubs
Milwaukee Brewers,Chicago Cubs
New York Mets,Chicago Cubs
New York Mets,Chicago Cubs
New York Mets,Chicago Cubs
New York Mets,Chicago Cubs
Philadelphia Phillies,Chicago Cubs
Philadelphia Phillies,Chicago Cubs
Philadelphia Phillies,Chicago Cubs
Pittsburgh Pirates,Chicago Cubs
Pittsburgh Pirates,Chicago Cubs
Pittsburgh Pirates,Chicago Cubs
Pittsburgh Pirates,Chicago Cubs
Pittsburgh Pirates,Chicago Cubs
Pittsburgh Pirates,Chicago Cubs
Pittsburgh Pirates,Chicago Cubs
Pittsburgh Pirates,Chicago Cubs
Pittsburgh Pirates,Chicago Cubs
San Diego Padres,Chicago Cubs
San Diego Padres,Chicago Cubs
San Diego Padres,Chicago Cubs
San Diego Padres,Chicago Cubs
San Francisco Giants,Chicago Cubs
San Francisco Giants,Chicago Cubs
San Francisco Giants,Chicago Cubs
St. Louis Cardinals,Chicago Cubs
St. Louis Cardinals,Chicago Cubs
St. Louis Cardinals,Chicago Cubs
St. Louis Cardinals,Chicago Cubs
St. Louis Cardinals,Chicago Cubs
St. Louis Cardinals,Chicago Cubs
St. Louis Cardinals,Chicago Cubs
St. Louis Cardinals,Chicago Cubs
St. Louis Cardinals,Chicago Cubs
St. Louis Cardinals,Chicago Cubs
Tampa Bay Rays,Chicago Cubs
Tampa Bay Rays,Chicago Cubs
Tampa Bay Rays,Chicago Cubs
Washington Nationals,Chicago Cubs
Washington Nationals,Chicago Cubs
Washington Nationals,Chicago Cubs
Arizona Diamondbacks,Chicago White Sox
Arizona Diamondbacks,Chicago White Sox
Arizona Diamondbacks,Chicago White Sox
Baltimore Orioles,Chicago White Sox
Baltimore Orioles,Chicago White Sox
Baltimore Orioles,Chicago White Sox
Baltimore Orioles,Chicago White Sox
Boston Red Sox,Chicago White Sox
Boston Red Sox,Chicago White Sox
Boston Red Sox,Chicago White Sox
Chicago Cubs,Chicago White Sox
Chicago Cubs,Chicago White Sox
Cleveland Guardians,Chicago White Sox
Cleveland Guardians,Chicago White Sox
Cleveland Guardians,Chicago White Sox
Cleveland Guardians,Chicago White Sox
Cleveland Guardians,Chicago White Sox
Cleveland Guardians,Chicago White Sox
Cleveland Guardians,Chicago White Sox
Cleveland Guardians,Chicago White Sox
Cleveland Guardians,Chicago White Sox
Colorado Rockies,Chicago White Sox
Colorado Rockies,Chicago White Sox
Detroit Tigers,Chicago White Sox
Detroit Tigers,Chicago White Sox
Detroit Tigers,Chicago White Sox
Detroit Tigers,Chicago White Sox
Detroit Tigers,Chicago White Sox
Detroit Tigers,Chicago White Sox
Detroit Tigers,Chicago White Sox
Detroit Tigers,Chicago White Sox
Detroit Tigers,Chicago White Sox
Detroit Tigers,Chicago White Sox
Houston Astros,Chicago White Sox
Houston Astros,Chicago White Sox
Houston Astros,Chicago White Sox
Houston Astros,Chicago White Sox
Kansas City Royals,Chicago White Sox
Kansas City Royals,Chicago White Sox
Kansas City Royals,Chicago White Sox
Kansas City Royals,Chicago White Sox
Kansas City Royals,Chicago White Sox
Kansas City Royals,Chicago White Sox
Kansas City Royals,Chicago White Sox
Kansas City Royals,Chicago White Sox
Kansas City Royals,Chicago White Sox
Los Angeles Angels,Chicago White Sox
Los Angeles Angels,Chicago White Sox
Los Angeles Angels,Chicago White Sox
Los Angeles Angels,Chicago White Sox
Los Angeles Dodgers,Chicago White Sox
Los Angeles Dodgers,Chicago White Sox
Los Angeles Dodgers,Chicago White Sox
Minnesota Twins,Chicago White Sox
Minnesota Twins,Chicago White Sox
Minnesota Twins,Chicago White Sox
Minnesota Twins,Chicago White Sox
Minnesota Twins,Chicago White Sox
Minnesota Twins,Chicago White Sox
Minnesota Twins,Chicago White Sox
Minnesota Twins,Chicago White Sox
Minnesota Twins,Chicago White Sox
New York Yankees,Chicago White Sox
New York Yankees,Chicago White Sox
New York Yankees,Chicago White Sox
New York Yankees,Chicago White Sox
Oakland Athletics,Chicago White Sox
Oakland Athletics,Chicago White Sox
Oakland Athletics,Chicago White Sox
Seattle Mariners,Chicago White Sox
Seattle Mariners,Chicago White Sox
Seattle Mariners,Chicago White Sox
Tampa Bay Rays,Chicago White Sox
Tampa Bay Rays,Chicago White Sox
Tampa Bay Rays,Chicago White Sox
Texas Rangers,Chicago White Sox
Texas Rangers,Chicago White Sox
Texas Rangers,Chicago White Sox
Toronto Blue Jays,Chicago White Sox
Toronto Blue Jays,Chicago White Sox
Toronto Blue Jays,Chicago White Sox
Arizona Diamondbacks,Cincinnati Reds
Arizona Diamondbacks,Cincinnati Reds
Arizona Diamondbacks,Cincinnati Reds
Arizona Diamondbacks,Cincinnati Reds
Atlanta Braves,Cincinnati Reds
Atlanta Braves,Cincinnati Reds
Atlanta Braves,Cincinnati Reds
Baltimore Orioles,Cincinnati Reds
Baltimore Orioles,Cincinnati Reds
Baltimore Orioles,Cincinnati Reds
Boston Red Sox,Cincinnati Reds
Boston Red Sox,Cincinnati Reds
Chicago Cubs,Cincinnati Reds
Chicago Cubs,Cincinnati Reds
Chicago Cubs,Cincinnati Reds
Chicago Cubs,Cincinnati Reds
Chicago Cubs,Cincinnati Reds
Chicago Cubs,Cincinnati Reds
Chicago Cubs,Cincinnati Reds
Chicago Cubs,Cincinnati Reds
Chicago Cubs,Cincinnati Reds
Chicago Cubs,Cincinnati Reds
Cleveland Guardians,Cincinnati Reds
Cleveland Guardians,Cincinnati Reds
Colorado Rockies,Cincinnati Reds
Colorado Rockies,Cincinnati Reds
Colorado Rockies,Cincinnati Reds
Los Angeles Dodgers,Cincinnati Reds
Los Angeles Dodgers,Cincinnati Reds
Los Angeles Dodgers,Cincinnati Reds
Miami Marlins,Cincinnati Reds
Miami Marlins,Cincinnati Reds
Miami Marlins,Cincinnati Reds
Miami Marlins,Cincinnati Reds
Milwaukee Brewers,Cincinnati Reds
Milwaukee Brewers,Cincinnati Reds
Milwaukee Brewers,Cincinnati Reds
Milwaukee Brewers,Cincinnati Reds
Milwaukee Brewers,Cincinnati Reds
Milwaukee Brewers,Cincinnati Reds
Milwaukee Brewers,Cincinnati Reds
Milwaukee Brewers,Cincinnati Reds
Milwaukee Brewers,Cincinnati Reds
Milwaukee Brewers,Cincinnati Reds
New York Mets,Cincinnati Reds
New York Mets,Cincinnati Reds
New York Mets,Cincinnati Reds
Philadelphia Phillies,Cincinnati Reds
Philadelphia Phillies,Cincinnati Reds
Philadelphia Phillies,Cincinnati Reds
Pittsburgh Pirates,Cincinnati Reds
Pittsburgh Pirates,Cincinnati Reds
Pittsburgh Pirates,Cincinnati Reds
Pittsburgh Pirates,Cincinnati Reds
Pittsburgh Pirates,Cincinnati Reds
Pittsburgh Pirates,Cincinnati Reds
Pittsburgh Pirates,Cincinnati Reds
Pittsburgh Pirates,Cincinnati Reds
Pittsburgh Pirates,Cincinnati Reds
San Diego Padres,Cincinnati Reds
San Diego Padres,Cincinnati Reds
San Diego Padres,Cincinnati Reds
San Francisco Giants,Cincinnati Reds
San Francisco Giants,Cincinnati Reds
San Francisco Giants,Cincinnati Reds
St. Louis Cardinals,Cincinnati Reds
St. Louis Cardinals,Cincinnati Reds
St. Louis Cardinals,Cincinnati Reds
St. Louis Cardinals,Cincinnati Reds
St. Louis Cardinals,Cincinnati Reds
St. Louis Cardinals,Cincinnati Reds
St. Louis Cardinals,Cincinnati Reds
St. Louis Cardinals,Cincinnati Reds
St. Louis Cardinals,Cincinnati Reds
Tampa Bay Rays,Cincinnati Reds
Tampa Bay Rays,Cincinnati Reds
Tampa Bay Rays,Cincinnati Reds
Washington Nationals,Cincinnati Reds
Washington Nationals,Cincinnati Reds
Washington Nationals,Cincinnati Reds
Washington Nationals,Cincinnati Reds
Arizona Diamondbacks,Cleveland Guardians
Arizona Diamondbacks,Cleveland Guardians
Arizona Diamondbacks,Cleveland Guardians
Baltimore Orioles,Cleveland Guardians
Baltimore Orioles,Cleveland Guardians
Baltimore Orioles,Cleveland Guardians
Boston Red Sox,Cleveland Guardians
Boston Red Sox,Cleveland Guardians
Boston Red Sox,Cleveland Guardians
Chicago White Sox,Cleveland Guardians
Chicago White Sox,Cleveland Guardians
Chicago White Sox,Cleveland Guardians
Chicago White Sox,Cleveland Guardians
Chicago White Sox,Cleveland Guardians
Chicago White Sox,Cleveland Guardians
Chicago White Sox,Cleveland Guardians
Chicago White Sox,Cleveland Guardians
Chicago White Sox,Cleveland Guardians
Chicago White Sox,Cleveland Guardians
Cincinnati Reds,Cleveland Guardians
Cincinnati Reds,Cleveland Guardians
Detroit Tigers,Cleveland Guardians
Detroit Tigers,Cleveland Guardians
Detroit Tigers,Cleveland Guardians
Detroit Tigers,Cleveland Guardians
Detroit Tigers,Cleveland Guardians
Detroit Tigers,Cleveland Guardians
Detroit Tigers,Cleveland Guardians
Detroit Tigers,Cleveland Guardians
Detroit Tigers,Cleveland Guardians
Houston Astros,Cleveland Guardians
Houston Astros,Cleveland Guardians
Houston Astros,Cleveland Guardians
Houston Astros,Cleveland Guardians
Kansas City Royals,Cleveland Guardians
Kansas City Royals,Cleveland Guardians
Kansas City Royals,Cleveland Guardians
Kansas City Royals,Cleveland Guardians
Kansas City Royals,Cleveland Guardians
Kansas City Royals,Cleveland Guardians
Kansas City Royals,Cleveland Guardians
Kansas City Royals,Cleveland Guardians
Kansas City Royals,Cleveland Guardians
Los Angeles Angels,Cleveland Guardians
Los Angeles Angels,Cleveland Guardians
Los Angeles Angels,Cleveland Guardians
Minnesota Twins,Cleveland Guardians
Minnesota Twins,Cleveland Guardians
Minnesota Twins,Cleveland Guardians
Minnesota Twins,Cleveland Guardians
Minnesota Twins,Cleveland Guardians
Minnesota Twins,Cleveland Guardians
Minnesota Twins,Cleveland Guardians
Minnesota Twins,Cleveland Guardians
Minnesota Twins,Cleveland Guardians
Minnesota Twins,Cleveland Guardians
New York Yankees,Cleveland Guardians
New York Yankees,Cleveland Guardians
New York Yankees,Cleveland Guardians
Oakland Athletics,Cleveland Guardians
Oakland Athletics,Cleveland Guardians
Oakland Athletics,Cleveland Guardians
Oakland Athletics,Cleveland Guardians
San Diego Padres,Cleveland Guardians
San Diego Padres,Cleveland Guardians
San Francisco Giants,Cleveland Guardians
San Francisco Giants,Cleveland Guardians
San Francisco Giants,Cleveland Guardians
Seattle Mariners,Cleveland Guardians
Seattle Mariners,Cleveland Guardians
Seattle Mariners,Cleveland Guardians
Tampa Bay Rays,Cleveland Guardians
Tampa Bay Rays,Cleveland Guardians
Tampa Bay Rays,Cleveland Guardians
Texas Rangers,Cleveland Guardians
Texas Rangers,Cleveland Guardians
Texas Rangers,Cleveland Guardians
Toronto Blue Jays,Cleveland Guardians
Toronto Blue Jays,Cleveland Guardians
Toronto Blue Jays,Cleveland Guardians
Toronto Blue Jays,Cleveland Guardians
Arizona Diamondbacks,Colorado Rockies
Arizona Diamondbacks,Colorado Rockies
Arizona Diamondbacks,Colorado Rockies
Arizona Diamondbacks,Colorado Rockies
Arizona Diamondbacks,Colorado Rockies
Arizona Diamondbacks,Colorado Rockies
Arizona Diamondbacks,Colorado Rockies
Arizona Diamondbacks,Colorado Rockies
Arizona Diamondbacks,Colorado Rockies
Atlanta Braves,Colorado Rockies
Atlanta Braves,Colorado Rockies
Atlanta Braves,Colorado Rockies
Atlanta Braves,Colorado Rockies
Chicago Cubs,Colorado Rockies
Chicago Cubs,Colorado Rockies
Chicago Cubs,Colorado Rockies
Chicago Cubs,Colorado Rockies
Chicago White Sox,Colorado Rockies
Chicago White Sox,Colorado Rockies
Cincinnati Reds,Colorado Rockies
Cincinnati Reds,Colorado Rockies
Cincinnati Reds,Colorado Rockies
Cleveland Guardians,Colorado Rockies
Cleveland Guardians,Colorado Rockies
Cleveland Guardians,Colorado Rockies
Kansas City Royals,Colorado Rockies
Kansas City Royals,Colorado Rockies
Kansas City Royals,Colorado Rockies
Los Angeles Dodgers,Colorado Rockies
Los Angeles Dodgers,Colorado Rockies
Los Angeles Dodgers,Colorado Rockies
Los Angeles Dodgers,Colorado Rockies
Los Angeles Dodgers,Colorado Rockies
Los Angeles Dodgers,Colorado Rockies
Los Angeles Dodgers,Colorado Rockies
Los Angeles Dodgers,Colorado Rockies
Los Angeles Dodgers,Colorado Rockies
Los Angeles Dodgers,Colorado Rockies
Miami Marlins,Colorado Rockies
Miami Marlins,Colorado Rockies
Miami Marlins,Colorado Rockies
Milwaukee Brewers,Colorado Rockies
Milwaukee Brewers,Colorado Rockies
Milwaukee Brewers,Colorado Rockies
New York Mets,Colorado Rockies
New York Mets,Colorado Rockies
New York Mets,Colorado Rockies
Philadelphia Phillies,Colorado Rockies
Philadelphia Phillies,Colorado Rockies
Philadelphia Phillies,Colorado Rockies
Pittsburgh Pirates,Colorado Rockies
Pittsburgh Pirates,Colorado Rockies
Pittsburgh Pirates,Colorado Rockies
San Diego Padres,Colorado Rockies
San Diego Padres,Colorado Rockies
San Diego Padres,Colorado Rockies
San Diego Padres,Colorado Rockies
San Diego Padres,Colorado Rockies
San Diego Padres,Colorado Rockies
San Diego Padres,Colorado Rockies
San Diego Padres,Colorado Rockies
San Diego Padres,Colorado Rockies
San Diego Padres,Colorado Rockies
San Francisco Giants,Colorado Rockies
San Francisco Giants,Colorado Rockies
San Francisco Giants,Colorado Rockies
San Francisco Giants,Colorado Rockies
San Francisco Giants,Colorado Rockies
San Francisco Giants,Colorado Rockies
San Francisco Giants,Colorado Rockies
San Francisco Giants,Colorado Rockies
San Francisco Giants,Colorado Rockies
San Francisco Giants,Colorado Rockies
St. Louis Cardinals,Colorado Rockies
St. Louis Cardinals,Colorado Rockies
St. Louis Cardinals,Colorado Rockies
Texas Rangers,Colorado Rockies
Texas Rangers,Colorado Rockies
Washington Nationals,Colorado Rockies
Washington Nationals,Colorado Rockies
Washington Nationals,Colorado Rockies
Baltimore Orioles,Detroit Tigers
Baltimore Orioles,Detroit Tigers
Baltimore Orioles,Detroit Tigers
Boston Red Sox,Detroit Tigers
Boston Red Sox,Detroit Tigers
Boston Red Sox,Detroit Tigers
Chicago White Sox,Detroit Tigers
Chicago White Sox,Detroit Tigers
Chicago White Sox,Detroit Tigers
Chicago White Sox,Detroit Tigers
Chicago White Sox,Detroit Tigers
Chicago White Sox,Detroit Tigers
Chicago White Sox,Detroit Tigers
Chicago White Sox,Detroit Tigers
Chicago White Sox,Detroit Tigers
Cleveland Guardians,Detroit Tigers
Cleveland Guardians,Detroit Tigers
Cleveland Guardians,Detroit Tigers
Cleveland Guardians,Detroit Tigers
Cleveland Guardians,Detroit Tigers
Cleveland Guardians,Detroit Tigers
Cleveland Guardians,Detroit Tigers
Cleveland Guardians,Detroit Tigers
Cleveland Guardians,Detroit Tigers
Cleveland Guardians,Detroit Tigers
Colorado Rockies,Detroit Tigers
Colorado Rockies,Detroit Tigers
Colorado Rockies,Detroit Tigers
Houston Astros,Detroit Tigers
Houston Astros,Detroit Tigers
Houston Astros,Detroit Tigers
Kansas City Royals,Detroit Tigers
Kansas City Royals,Detroit Tigers
Kansas City Royals,Detroit Tigers
Kansas City Royals,Detroit Tigers
Kansas City Royals,Detroit Tigers
Kansas City Royals,Detroit Tigers
Kansas City Royals,Detroit Tigers
Kansas City Royals,Detroit Tigers
Kansas City Royals,Detroit Tigers
Los Angeles Angels,Detroit Tigers
Los Angeles Angels,Detroit Tigers
Los Angeles Angels,Detroit Tigers
Minnesota Twins,Detroit Tigers
Minnesota Twins,Detroit Tigers
Minnesota Twins,Detroit Tigers
Minnesota Twins,Detroit Tigers
Minnesota Twins,Detroit Tigers
Minnesota Twins,Detroit Tigers
Minnesota Twins,Detroit Tigers
Minnesota Twins,Detroit Tigers
Minnesota Twins,Detroit Tigers
Minnesota Twins,Detroit Tigers
New York Yankees,Detroit Tigers
New York Yankees,Detroit Tigers
New York Yankees,Detroit Tigers
Oakland Athletics,Detroit Tigers
Oakland Athletics,Detroit Tigers
Oakland Athletics,Detroit Tigers
Oakland Athletics,Detroit Tigers
Oakland Athletics,Detroit Tigers
Pittsburgh Pirates,Detroit Tigers
Pittsburgh Pirates,Detroit Tigers
San Diego Padres,Detroit Tigers
San Diego Padres,Detroit Tigers
San Diego Padres,Detroit Tigers
San Francisco Giants,Detroit Tigers
San Francisco Giants,Detroit Tigers
Seattle Mariners,Detroit Tigers
Seattle Mariners,Detroit Tigers
Seattle Mariners,Detroit Tigers
Tampa Bay Rays,Detroit Tigers
Tampa Bay Rays,Detroit Tigers
Tampa Bay Rays,Detroit Tigers
Tampa Bay Rays,Detroit Tigers
Texas Rangers,Detroit Tigers
Texas Rangers,Detroit Tigers
Texas Rangers,Detroit Tigers
Texas Rangers,Detroit Tigers
Toronto Blue Jays,Detroit Tigers
Toronto Blue Jays,Detroit Tigers
Toronto Blue Jays,Detroit Tigers
Arizona Diamondbacks,Houston Astros
Arizona Diamondbacks,Houston Astros
Baltimore Orioles,Houston Astros
Baltimore Orioles,Houston Astros
Baltimore Orioles,Houston Astros
Boston Red Sox,Houston Astros
Boston Red Sox,Houston Astros
Boston Red Sox,Houston Astros
Chicago White Sox,Houston Astros
Chicago White Sox,Houston Astros
Chicago White Sox,Houston Astros
Cleveland Guardians,Houston Astros
Cleveland Guardians,Houston Astros
Cleveland Guardians,Houston Astros
Detroit Tigers,Houston Astros
Detroit Tigers,Houston Astros
Detroit Tigers,Houston Astros
Detroit Tigers,Houston Astros
Kansas City Royals,Houston Astros
Kansas City Royals,Houston Astros
Kansas City Royals,Houston Astros
Kansas City Royals,Houston Astros
Los Angeles Angels,Houston Astros
Los Angeles Angels,Houston Astros
Los Angeles Angels,Houston Astros
Los Angeles Angels,Houston Astros
Los Angeles Angels,Houston Astros
Los Angeles Angels,Houston Astros
Los Angeles Angels,Houston Astros
Los Angeles Angels,Houston Astros
Los Angeles Angels,Houston Astros
Miami Marlins,Houston Astros
Miami Marlins,Houston Astros
Miami Marlins,Houston Astros
Minnesota Twins,Houston Astros
Minnesota Twins,Houston Astros
Minnesota Twins,Houston Astros
New York Mets,Houston Astros
New York Mets,Houston Astros
New York Yankees,Houston Astros
New York Yankees,Houston Astros
New York Yankees,Houston Astros
Oakland Athletics,Houston Astros
Oakland Athletics,Houston Astros
Oakland Athletics,Houston Astros
Oakland Athletics,Houston Astros
Oakland Athletics,Houston Astros
Oakland Athletics,Houston Astros
Oakland Athletics,Houston Astros
Oakland Athletics,Houston Astros
Oakland Athletics,Houston Astros
Oakland Athletics,Houston Astros
Philadelphia Phillies,Houston Astros
Philadelphia Phillies,Houston Astros
Philadelphia Phillies,Houston Astros
Seattle Mariners,Houston Astros
Seattle Mariners,Houston Astros
Seattle Mariners,Houston Astros
Seattle Mariners,Houston Astros
Seattle Mariners,Houston Astros
Seattle Mariners,Houston Astros
Seattle Mariners,Houston Astros
Seattle Mariners,Houston Astros
Seattle Mariners,Houston Astros
Seattle Mariners,Houston Astros
Tampa Bay Rays,Houston Astros
Tampa Bay Rays,Houston Astros
Tampa Bay Rays,Houston Astros
Texas Rangers,Houston Astros
Texas Rangers,Houston Astros
Texas Rangers,Houston Astros
Texas Rangers,Houston Astros
Texas Rangers,Houston Astros
Texas Rangers,Houston Astros
Texas Rangers,Houston Astros
Texas Rangers,Houston Astros
Texas Rangers,Houston Astros
Texas Rangers,Houston Astros
Toronto Blue Jays,Houston Astros
Toronto Blue Jays,Houston Astros
Toronto Blue Jays,Houston Astros
Arizona Diamondbacks,Kansas City Royals
Arizona Diamondbacks,Kansas City Royals
Baltimore Orioles,Kansas City Royals
Baltimore Orioles,Kansas City Royals
Baltimore Orioles,Kansas City Royals
Baltimore Orioles,Kansas City Royals
Boston Red Sox,Kansas City Royals
Boston Red Sox,Kansas City Royals
Boston Red Sox,Kansas City Royals
Boston Red Sox,Kansas City Royals
Chicago White Sox,Kansas City Royals
Chicago White Sox,Kansas City Royals
Chicago White Sox,Kansas City Royals
Chicago White Sox,Kansas City Royals
Chicago White Sox,Kansas City Royals
Chicago White Sox,Kansas City Royals
Chicago White Sox,Kansas City Royals
Chicago White Sox,Kansas City Royals
Chicago White Sox,Kansas City Royals
Chicago White Sox,Kansas City Royals
Cleveland Guardians,Kansas City Royals
Cleveland Guardians,Kansas City Royals
Cleveland Guardians,Kansas City Royals
Cleveland Guardians,Kansas City Royals
Cleveland Guardians,Kansas City Royals
Cleveland Guardians,Kansas City Royals
Cleveland Guardians,Kansas City Royals
Cleveland Guardians,Kansas City Royals
Cleveland Guardians,Kansas City Royals
Cleveland Guardians,Kansas City Royals
Detroit Tigers,Kansas City Royals
Detroit Tigers,Kansas City Royals
Detroit Tigers,Kansas City Royals
Detroit Tigers,Kansas City Royals
Detroit Tigers,Kansas City Royals
Detroit Tigers,Kansas City Royals
Detroit Tigers,Kansas City Royals
Detroit Tigers,Kansas City Royals
Detroit Tigers,Kansas City Royals
Detroit Tigers,Kansas City Royals
Houston Astros,Kansas City Royals
Houston Astros,Kansas City Royals
Houston Astros,Kansas City Royals
Los Angeles Angels,Kansas City Royals
Los Angeles Angels,Kansas City Royals
Los Angeles Angels,Kansas City Royals
Los Angeles Dodgers,Kansas City Royals
Los Angeles Dodgers,Kansas City Royals
Los Angeles Dodgers,Kansas City Royals
Minnesota Twins,Kansas City Royals
Minnesota Twins,Kansas City Royals
Minnesota Twins,Kansas City Royals
Minnesota Twins,Kansas City Royals
Minnesota Twins,Kansas City Royals
Minnesota Twins,Kansas City Royals
Minnesota Twins,Kansas City Royals
Minnesota Twins,Kansas City Royals
Minnesota Twins,Kansas City Royals
New York Yankees,Kansas City Royals
New York Yankees,Kansas City Royals
New York Yankees,Kansas City Royals
Oakland Athletics,Kansas City Royals
Oakland Athletics,Kansas City Royals
Oakland Athletics,Kansas City Royals
San Diego Padres,Kansas City Royals
San Diego Padres,Kansas City Royals
San Diego Padres,Kansas City Royals
Seattle Mariners,Kansas City Royals
Seattle Mariners,Kansas City Royals
Seattle Mariners,Kansas City Royals
St. Louis Cardinals,Kansas City Royals
St. Louis Cardinals,Kansas City Royals
Tampa Bay Rays,Kansas City Royals
Tampa Bay Rays,Kansas City Royals
Tampa Bay Rays,Kansas City Royals
Texas Rangers,Kansas City Royals
Texas Rangers,Kansas City Royals
Texas Rangers,Kansas City Royals
Toronto Blue Jays,Kansas City Royals
Toronto Blue Jays,Kansas City Royals
Toronto Blue Jays,Kansas City Royals
Baltimore Orioles,Los Angeles Angels
Baltimore Orioles,Los Angeles Angels
Baltimore Orioles,Los Angeles Angels
Boston Red Sox,Los Angeles Angels
Boston Red Sox,Los Angeles Angels
Boston Red Sox,Los Angeles Angels
Boston Red Sox,Los Angeles Angels
Chicago White Sox,Los Angeles Angels
Chicago White Sox,Los Angeles Angels
Chicago White Sox,Los Angeles Angels
Cleveland Guardians,Los Angeles Angels
Cleveland Guardians,Los Angeles Angels
Cleveland Guardians,Los Angeles Angels
Cleveland Guardians,Los Angeles Angels
Detroit Tigers,Los Angeles Angels
Detroit Tigers,Los Angeles Angels
Detroit Tigers,Los Angeles Angels
Houston Astros,Los Angeles Angels
Houston Astros,Los Angeles Angels
Houston Astros,Los Angeles Angels
Houston Astros,Los Angeles Angels
Houston Astros,Los Angeles Angels
Houston Astros,Los Angeles Angels
Houston Astros,Los Angeles Angels
Houston Astros,Los Angeles Angels
Houston Astros,Los Angeles Angels
Houston Astros,Los Angeles Angels
Kansas City Royals,Los Angeles Angels
Kansas City Royals,Los Angeles Angels
Kansas City Royals,Los Angeles Angels
Los Angeles Dodgers,Los Angeles Angels
Los Angeles Dodgers,Los Angeles Angels
Miami Marlins,Los Angeles Angels
Miami Marlins,Los Angeles Angels
Minnesota Twins,Los Angeles Angels
Minnesota Twins,Los Angeles Angels
Minnesota Twins,Los Angeles Angels
New York Mets,Los Angeles Angels
New York Mets,Los Angeles Angels
New York Mets,Los Angeles Angels
New York Yankees,Los Angeles Angels
New York Yankees,Los Angeles Angels
New York Yankees,Los Angeles Angels
Oakland Athletics,Los Angeles Angels
Oakland Athletics,Los Angeles Angels
Oakland Athletics,Los Angeles Angels
Oakland Athletics,Los Angeles Angels
Oakland Athletics,Los Angeles Angels
Oakland Athletics,Los Angeles Angels
Oakland Athletics,Los Angeles Angels
Oakland Athletics,Los Angeles Angels
Oakland Athletics,Los Angeles Angels
Seattle Mariners,Los Angeles Angels
Seattle Mariners,Los Angeles Angels
Seattle Mariners,Los Angeles Angels
Seattle Mariners,Los Angeles Angels
Seattle Mariners,Los Angeles Angels
Seattle Mariners,Los Angeles Angels
Seattle Mariners,Los Angeles Angels
Seattle Mariners,Los Angeles Angels
Seattle Mariners,Los Angeles Angels
Seattle Mariners,Los Angeles Angels
Tampa Bay Rays,Los Angeles Angels
Tampa Bay Rays,Los Angeles Angels
Tampa Bay Rays,Los Angeles Angels
Texas Rangers,Los Angeles Angels
Texas Rangers,Los Angeles Angels
Texas Rangers,Los Angeles Angels
Texas Rangers,Los Angeles Angels
Texas Rangers,Los Angeles Angels
Texas Rangers,Los Angeles Angels
Texas Rangers,Los Angeles Angels
Texas Rangers,Los Angeles Angels
Texas Rangers,Los Angeles Angels
Toronto Blue Jays,Los Angeles Angels
Toronto Blue Jays,Los Angeles Angels
Toronto Blue Jays,Los Angeles Angels
Toronto Blue Jays,Los Angeles Angels
Washington Nationals,Los Angeles Angels
Washington Nationals,Los Angeles Angels
Washington Nationals,Los Angeles Angels
Arizona Diamondbacks,Los Angeles Dodgers
Arizona Diamondbacks,Los Angeles Dodgers
Arizona Diamondbacks,Los Angeles Dodgers
Arizona Diamondbacks,Los Angeles Dodgers
Arizona Diamondbacks,Los Angeles Dodgers
Arizona Diamondbacks,Los Angeles Dodgers
Arizona Diamondbacks,Los Angeles Dodgers
Arizona Diamondbacks,Los Angeles Dodgers
Arizona Diamondbacks,Los Angeles Dodgers
Atlanta Braves,Los Angeles Dodgers
Atlanta Braves,Los Angeles Dodgers
Atlanta Braves,Los Angeles Dodgers
Chicago Cubs,Los Angeles Dodgers
Chicago Cubs,Los Angeles Dodgers
Chicago Cubs,Los Angeles Dodgers
Chicago Cubs,Los Angeles Dodgers
Cincinnati Reds,Los Angeles Dodgers
Cincinnati Reds,Los Angeles Dodgers
Cincinnati Reds,Los Angeles Dodgers
Cincinnati Reds,Los Angeles Dodgers
Cleveland Guardians,Los Angeles Dodgers
Cleveland Guardians,Los Angeles Dodgers
Cleveland Guardians,Los Angeles Dodgers
Colorado Rockies,Los Angeles Dodgers
Colorado Rockies,Los Angeles Dodgers
Colorado Rockies,Los Angeles Dodgers
Colorado Rockies,Los Angeles Dodgers
Colorado Rockies,Los Angeles Dodgers
Colorado Rockies,Los Angeles Dodgers
Colorado Rockies,Los Angeles Dodgers
Colorado Rockies,Los Angeles Dodgers
Colorado Rockies,Los Angeles Dodgers
Detroit Tigers,Los Angeles Dodgers
Detroit Tigers,Los Angeles Dodgers
Detroit Tigers,Los Angeles Dodgers
Los Angeles Angels,Los Angeles Dodgers
Los Angeles Angels,Los Angeles Dodgers
Miami Marlins,Los Angeles Dodgers
Miami Marlins,Los Angeles Dodgers
Miami Marlins,Los Angeles Dodgers
Milwaukee Brewers,Los Angeles Dodgers
Milwaukee Brewers,Los Angeles Dodgers
Milwaukee Brewers,Los Angeles Dodgers
Minnesota Twins,Los Angeles Dodgers
Minnesota Twins,Los Angeles Dodgers
New York Mets,Los Angeles Dodgers
New York Mets,Los Angeles Dodgers
New York Mets,Los Angeles Dodgers
New York Mets,Los Angeles Dodgers
Philadelphia Phillies,Los Angeles Dodgers
Philadelphia Phillies,Los Angeles Dodgers
Philadelphia Phillies,Los Angeles Dodgers
Philadelphia Phillies,Los Angeles Dodgers
Pittsburgh Pirates,Los Angeles Dodgers
Pittsburgh Pirates,Los Angeles Dodgers
Pittsburgh Pirates,Los Angeles Dodgers
San Diego Padres,Los Angeles Dodgers
San Diego Padres,Los Angeles Dodgers
San Diego Padres,Los Angeles Dodgers
San Diego Padres,Los Angeles Dodgers
San Diego Padres,Los Angeles Dodgers
San Diego Padres,Los Angeles Dodgers
San Diego Padres,Los Angeles Dodgers
San Diego Padres,Los Angeles Dodgers
San Diego Padres,Los Angeles Dodgers
San Diego Padres,Los Angeles Dodgers
San Francisco Giants,Los Angeles Dodgers
San Francisco Giants,Los Angeles Dodgers
San Francisco Giants,Los Angeles Dodgers
San Francisco Giants,Los Angeles Dodgers
San Francisco Giants,Los Angeles Dodgers
San Francisco Giants,Los Angeles Dodgers
San Francisco Giants,Los Angeles Dodgers
San Francisco Giants,Los Angeles Dodgers
San Francisco Giants,Los Angeles Dodgers
St. Louis Cardinals,Los Angeles Dodgers
St. Louis Cardinals,Los Angeles Dodgers
St. Louis Cardinals,Los Angeles Dodgers
Washington Nationals,Los Angeles Dodgers
Washington Nationals,Los Angeles Dodgers
Washington Nationals,Los Angeles Dodgers
Arizona Diamondbacks,Miami Marlins
Arizona Diamondbacks,Miami Marlins
Arizona Diamondbacks,Miami Marlins
Atlanta Braves,Miami Marlins
Atlanta Braves,Miami Marlins
Atlanta Braves,Miami Marlins
Atlanta Braves,Miami Marlins
Atlanta Braves,Miami Marlins
Atlanta Braves,Miami Marlins
Atlanta Braves,Miami Marlins
Atlanta Braves,Miami Marlins
Atlanta Braves,Miami Marlins
Atlanta Braves,Miami Marlins
Chicago Cubs,Miami Marlins
Chicago Cubs,Miami Marlins
Chicago Cubs,Miami Marlins
Cincinnati Reds,Miami Marlins
Cincinnati Reds,Miami Marlins
Cincinnati Reds,Miami Marlins
Colorado Rockies,Miami Marlins
Colorado Rockies,Miami Marlins
Colorado Rockies,Miami Marlins
Los Angeles Angels,Miami Marlins
Los Angeles Angels,Miami Marlins
Los Angeles Dodgers,Miami Marlins
Los Angeles Dodgers,Miami Marlins
Los Angeles Dodgers,Miami Marlins
Los Angeles Dodgers,Miami Marlins
Milwaukee Brewers,Miami Marlins
Milwaukee Brewers,Miami Marlins
Milwaukee Brewers,Miami Marlins
New York Mets,Miami Marlins
New York Mets,Miami Marlins
New York Mets,Miami Marlins
New York Mets,Miami Marlins
New York Mets,Miami Marlins
New York Mets,Miami Marlins
New York Mets,Miami Marlins
New York Mets,Miami Marlins
New York Mets,Miami Marlins
Philadelphia Phillies,Miami Marlins
Philadelphia Phillies,Miami Marlins
Philadelphia Phillies,Miami Marlins
Philadelphia Phillies,Miami Marlins
Philadelphia Phillies,Miami Marlins
Philadelphia Phillies,Miami Marlins
Philadelphia Phillies,Miami Marlins
Philadelphia Phillies,Miami Marlins
Philadelphia Phillies,Miami Marlins
Philadelphia Phillies,Miami Marlins
Pittsburgh Pirates,Miami Marlins
Pittsburgh Pirates,Miami Marlins
Pittsburgh Pirates,Miami Marlins
Pittsburgh Pirates,Miami Marlins
San Diego Padres,Miami Marlins
San Diego Padres,Miami Marlins
San Diego Padres,Miami Marlins
San Francisco Giants,Miami Marlins
San Francisco Giants,Miami Marlins
San Francisco Giants,Miami Marlins
San Francisco Giants,Miami Marlins
Seattle Mariners,Miami Marlins
Seattle Mariners,Miami Marlins
Seattle Mariners,Miami Marlins
St. Louis Cardinals,Miami Marlins
St. Louis Cardinals,Miami Marlins
St. Louis Cardinals,Miami Marlins
Tampa Bay Rays,Miami Marlins
Tampa Bay Rays,Miami Marlins
Texas Rangers,Miami Marlins
Texas Rangers,Miami Marlins
Texas Rangers,Miami Marlins
Washington Nationals,Miami Marlins
Washington Nationals,Miami Marlins
Washington Nationals,Miami Marlins
Washington Nationals,Miami Marlins
Washington Nationals,Miami Marlins
Washington Nationals,Miami Marlins
Washington Nationals,Miami Marlins
Washington Nationals,Miami Marlins
Washington Nationals,Miami Marlins
Arizona Diamondbacks,Milwaukee Brewers
Arizona Diamondbacks,Milwaukee Brewers
Arizona Diamondbacks,Milwaukee Brewers
Atlanta Braves,Milwaukee Brewers
Atlanta Braves,Milwaukee Brewers
Atlanta Braves,Milwaukee Brewers
Chicago Cubs,Milwaukee Brewers
Chicago Cubs,Milwaukee Brewers
Chicago Cubs,Milwaukee Brewers
Chicago Cubs,Milwaukee Brewers
Chicago Cubs,Milwaukee Brewers
Chicago Cubs,Milwaukee Brewers
Chicago Cubs,Milwaukee Brewers
Chicago Cubs,Milwaukee Brewers
Chicago Cubs,Milwaukee Brewers
Cincinnati Reds,Milwaukee Brewers
Cincinnati Reds,Milwaukee Brewers
Cincinnati Reds,Milwaukee Brewers
Cincinnati Reds,Milwaukee Brewers
Cincinnati Reds,Milwaukee Brewers
Cincinnati Reds,Milwaukee Brewers
Cincinnati Reds,Milwaukee Brewers
Cincinnati Reds,Milwaukee Brewers
Cincinnati Reds,Milwaukee Brewers
Colorado Rockies,Milwaukee Brewers
Colorado Rockies,Milwaukee Brewers
Colorado Rockies,Milwaukee Brewers
Colorado Rockies,Milwaukee Brewers
Los Angeles Dodgers,Milwaukee Brewers
Los Angeles Dodgers,Milwaukee Brewers
Los Angeles Dodgers,Milwaukee Brewers
Los Angeles Dodgers,Milwaukee Brewers
Miami Marlins,Milwaukee Brewers
Miami Marlins,Milwaukee Brewers
Miami Marlins,Milwaukee Brewers
Miami Marlins,Milwaukee Brewers
Minnesota Twins,Milwaukee Brewers
Minnesota Twins,Milwaukee Brewers
New York Mets,Milwaukee Brewers
New York Mets,Milwaukee Brewers
New York Mets,Milwaukee Brewers
New York Yankees,Milwaukee Brewers
New York Yankees,Milwaukee Brewers
New York Yankees,Milwaukee Brewers
Philadelphia Phillies,Milwaukee Brewers
Philadelphia Phillies,Milwaukee Brewers
Philadelphia Phillies,Milwaukee Brewers
Pittsburgh Pirates,Milwaukee Brewers
Pittsburgh Pirates,Milwaukee Brewers
Pittsburgh Pirates,Milwaukee Brewers
Pittsburgh Pirates,Milwaukee Brewers
Pittsburgh Pirates,Milwaukee Brewers
Pittsburgh Pirates,Milwaukee Brewers
Pittsburgh Pirates,Milwaukee Brewers
Pittsburgh Pirates,Milwaukee Brewers
Pittsburgh Pirates,Milwaukee Brewers
San Diego Padres,Milwaukee Brewers
San Diego Padres,Milwaukee Brewers
San Diego Padres,Milwaukee Brewers
San Diego Padres,Milwaukee Brewers
San Francisco Giants,Milwaukee Brewers
San Francisco Giants,Milwaukee Brewers
San Francisco Giants,Milwaukee Brewers
St. Louis Cardinals,Milwaukee Brewers
St. Louis Cardinals,Milwaukee Brewers
St. Louis Cardinals,Milwaukee Brewers
St. Louis Cardinals,Milwaukee Brewers
St. Louis Cardinals,Milwaukee Brewers
St. Louis Cardinals,Milwaukee Brewers
St. Louis Cardinals,Milwaukee Brewers
St. Louis Cardinals,Milwaukee Brewers
St. Louis Cardinals,Milwaukee Brewers
St. Louis Cardinals,Milwaukee Brewers
Tampa Bay Rays,Milwaukee Brewers
Tampa Bay Rays,Milwaukee Brewers
Toronto Blue Jays,Milwaukee Brewers
Toronto Blue Jays,Milwaukee Brewers
Toronto Blue Jays,Milwaukee Brewers
Washington Nationals,Milwaukee Brewers
Washington Nationals,Milwaukee Brewers
Washington Nationals,Milwaukee Brewers
Baltimore Orioles,Minnesota Twins
Baltimore Orioles,Minnesota Twins
Baltimore Orioles,Minnesota Twins
Boston Red Sox,Minnesota Twins
Boston Red Sox,Minnesota Twins
Boston Red Sox,Minnesota Twins
Chicago White Sox,Minnesota Twins
Chicago White Sox,Minnesota Twins
Chicago White Sox,Minnesota Twins
Chicago White Sox,Minnesota Twins
Chicago White Sox,Minnesota Twins
Chicago White Sox,Minnesota Twins
Chicago White Sox,Minnesota Twins
Chicago White Sox,Minnesota Twins
Chicago White Sox,Minnesota Twins
Chicago White Sox,Minnesota Twins
Cleveland Guardians,Minnesota Twins
Cleveland Guardians,Minnesota Twins
Cleveland Guardians,Minnesota Twins
Cleveland Guardians,Minnesota Twins
Cleveland Guardians,Minnesota Twins
Cleveland Guardians,Minnesota Twins
Cleveland Guardians,Minnesota Twins
Cleveland Guardians,Minnesota Twins
Cleveland Guardians,Minnesota Twins
Colorado Rockies,Minnesota Twins
Colorado Rockies,Minnesota Twins
Colorado Rockies,Minnesota Twins
Detroit Tigers,Minnesota Twins
Detroit Tigers,Minnesota Twins
Detroit Tigers,Minnesota Twins
Detroit Tigers,Minnesota Twins
Detroit Tigers,Minnesota Twins
Detroit Tigers,Minnesota Twins
Detroit Tigers,Minnesota Twins
Detroit Tigers,Minnesota Twins
Detroit Tigers,Minnesota Twins
Houston Astros,Minnesota Twins
Houston Astros,Minnesota Twins
Houston Astros,Minnesota Twins
Kansas City Royals,Minnesota Twins
Kansas City Royals,Minnesota Twins
Kansas City Royals,Minnesota Twins
Kansas City Royals,Minnesota Twins
Kansas City Royals,Minnesota Twins
Kansas City Royals,Minnesota Twins
Kansas City Royals,Minnesota Twins
Kansas City Royals,Minnesota Twins
Kansas City Royals,Minnesota Twins
Kansas City Royals,Minnesota Twins
Los Angeles Angels,Minnesota Twins
Los Angeles Angels,Minnesota Twins
Los Angeles Angels,Minnesota Twins
Los Angeles Dodgers,Minnesota Twins
Los Angeles Dodgers,Minnesota Twins
Milwaukee Brewers,Minnesota Twins
Milwaukee Brewers,Minnesota Twins
New York Yankees,Minnesota Twins
New York Yankees,Minnesota Twins
New York Yankees,Minnesota Twins
Oakland Athletics,Minnesota Twins
Oakland Athletics,Minnesota Twins
Oakland Athletics,Minnesota Twins
San Francisco Giants,Minnesota Twins
San Francisco Giants,Minnesota Twins
San Francisco Giants,Minnesota Twins
Seattle Mariners,Minnesota Twins
Seattle Mariners,Minnesota Twins
Seattle Mariners,Minnesota Twins
Seattle Mariners,Minnesota Twins
Tampa Bay Rays,Minnesota Twins
Tampa Bay Rays,Minnesota Twins
Tampa Bay Rays,Minnesota Twins
Texas Rangers,Minnesota Twins
Texas Rangers,Minnesota Twins
Texas Rangers,Minnesota Twins
Texas Rangers,Minnesota Twins
Toronto Blue Jays,Minnesota Twins
Toronto Blue Jays,Minnesota Twins
Toronto Blue Jays,Minnesota Twins
Toronto Blue Jays,Minnesota Twins
Arizona Diamondbacks,New York Mets
Arizona Diamondbacks,New York Mets
Arizona Diamondbacks,New York Mets
Atlanta Braves,New York Mets
Atlanta Braves,New York Mets
Atlanta Braves,New York Mets
Atlanta Braves,New York Mets
Atlanta Braves,New York Mets
Atlanta Braves,New York Mets
Atlanta Braves,New York Mets
Atlanta Braves,New York Mets
Atlanta Braves,New York Mets
Chicago Cubs,New York Mets
Chicago Cubs,New York Mets
Chicago Cubs,New York Mets
Cincinnati Reds,New York Mets
Cincinnati Reds,New York Mets
Cincinnati Reds,New York Mets
Colorado Rockies,New York Mets
Colorado Rockies,New York Mets
Colorado Rockies,New York Mets
Colorado Rockies,New York Mets
Houston Astros,New York Mets
Houston Astros,New York Mets
Los Angeles Dodgers,New York Mets
Los Angeles Dodgers,New York Mets
Los Angeles Dodgers,New York Mets
Miami Marlins,New York Mets
Miami Marlins,New York Mets
Miami Marlins,New York Mets
Miami Marlins,New York Mets
Miami Marlins,New York Mets
Miami Marlins,New York Mets
Miami Marlins,New York Mets
Miami Marlins,New York Mets
Miami Marlins,New York Mets
Miami Marlins,New York Mets
Milwaukee Brewers,New York Mets
Milwaukee Brewers,New York Mets
Milwaukee Brewers,New York Mets
New York Yankees,New York Mets
New York Yankees,New York Mets
Philadelphia Phillies,New York Mets
Philadelphia Phillies,New York Mets
Philadelphia Phillies,New York Mets
Philadelphia Phillies,New York Mets
Philadelphia Phillies,New York Mets
Philadelphia Phillies,New York Mets
Philadelphia Phillies,New York Mets
Philadelphia Phillies,New York Mets
Philadelphia Phillies,New York Mets
Pittsburgh Pirates,New York Mets
Pittsburgh Pirates,New York Mets
Pittsburgh Pirates,New York Mets
Pittsburgh Pirates,New York Mets
San Diego Padres,New York Mets
San Diego Padres,New York Mets
San Diego Padres,New York Mets
San Francisco Giants,New York Mets
San Francisco Giants,New York Mets
San Francisco Giants,New York Mets
San Francisco Giants,New York Mets
Seattle Mariners,New York Mets
Seattle Mariners,New York Mets
Seattle Mariners,New York Mets
St. Louis Cardinals,New York Mets
St. Louis Cardinals,New York Mets
St. Louis Cardinals,New York Mets
St. Louis Cardinals,New York Mets
Texas Rangers,New York Mets
Texas Rangers,New York Mets
Texas Rangers,New York Mets
Washington Nationals,New York Mets
Washington Nationals,New York Mets
Washington Nationals,New York Mets
Washington Nationals,New York Mets
Washington Nationals,New York Mets
Washington Nationals,New York Mets
Washington Nationals,New York Mets
Washington Nationals,New York Mets
Washington Nationals,New York Mets
Baltimore Orioles,New York Yankees
Baltimore Orioles,New York Yankees
Baltimore Orioles,New York Yankees
Baltimore Orioles,New York Yankees
Baltimore Orioles,New York Yankees
Baltimore Orioles,New York Yankees
Baltimore Orioles,New York Yankees
Baltimore Orioles,New York Yankees
Baltimore Orioles,New York Yankees
Boston Red Sox,New York Yankees
Boston Red Sox,New York Yankees
Boston Red Sox,New York Yankees
Boston Red Sox,New York Yankees
Boston Red Sox,New York Yankees
Boston Red Sox,New York Yankees
Boston Red Sox,New York Yankees
Boston Red Sox,New York Yankees
Boston Red Sox,New York Yankees
Boston Red Sox,New York Yankees
Chicago Cubs,New York Yankees
Chicago Cubs,New York Yankees
Chicago Cubs,New York Yankees
Chicago White Sox,New York Yankees
Chicago White Sox,New York Yankees
Chicago White Sox,New York Yankees
Cincinnati Reds,New York Yankees
Cincinnati Reds,New York Yankees
Cincinnati Reds,New York Yankees
Cleveland Guardians,New York Yankees
Cleveland Guardians,New York Yankees
Cleveland Guardians,New York Yankees
Detroit Tigers,New York Yankees
Detroit Tigers,New York Yankees
Detroit Tigers,New York Yankees
Houston Astros,New York Yankees
Houston Astros,New York Yankees
Houston Astros,New York Yankees
Houston Astros,New York Yankees
Kansas City Royals,New York Yankees
Kansas City Royals,New York Yankees
Kansas City Royals,New York Yankees
Kansas City Royals,New York Yankees
Los Angeles Angels,New York Yankees
Los Angeles Angels,New York Yankees
Los Angeles Angels,New York Yankees
Minnesota Twins,New York Yankees
Minnesota Twins,New York Yankees
Minnesota Twins,New York Yankees
Minnesota Twins,New York Yankees
New York Mets,New York Yankees
New York Mets,New York Yankees
Oakland Athletics,New York Yankees
Oakland Athletics,New York Yankees
Oakland Athletics,New York Yankees
Pittsburgh Pirates,New York Yankees
Pittsburgh Pirates,New York Yankees
Seattle Mariners,New York Yankees
Seattle Mariners,New York Yankees
Seattle Mariners,New York Yankees
Tampa Bay Rays,New York Yankees
Tampa Bay Rays,New York Yankees
Tampa Bay Rays,New York Yankees
Tampa Bay Rays,New York Yankees
Tampa Bay Rays,New York Yankees
Tampa Bay Rays,New York Yankees
Tampa Bay Rays,New York Yankees
Tampa Bay Rays,New York Yankees
Tampa Bay Rays,New York Yankees
Texas Rangers,New York Yankees
Texas Rangers,New York Yankees
Texas Rangers,New York Yankees
Toronto Blue Jays,New York Yankees
Toronto Blue Jays,New York Yankees
Toronto Blue Jays,New York Yankees
Toronto Blue Jays,New York Yankees
Toronto Blue Jays,New York Yankees
Toronto Blue Jays,New York Yankees
Toronto Blue Jays,New York Yankees
Toronto Blue Jays,New York Yankees
Toronto Blue Jays,New York Yankees
Toronto Blue Jays,New York Yankees
Atlanta Braves,Oakland Athletics
Atlanta Braves,Oakland Athletics
Baltimore Orioles,Oakland Athletics
Baltimore Orioles,Oakland Athletics
Baltimore Orioles,Oakland Athletics
Baltimore Orioles,Oakland Athletics
Boston Red Sox,Oakland Athletics
Boston Red Sox,Oakland Athletics
Boston Red Sox,Oakland Athletics
Chicago White Sox,Oakland Athletics
Chicago White Sox,Oakland Athletics
Chicago White Sox,Oakland Athletics
Chicago White Sox,Oakland Athletics
Cleveland Guardians,Oakland Athletics
Cleveland Guardians,Oakland Athletics
Cleveland Guardians,Oakland Athletics
Detroit Tigers,Oakland Athletics
Detroit Tigers,Oakland Athletics
Houston Astros,Oakland Athletics
Houston Astros,Oakland Athletics
Houston Astros,Oakland Athletics
Houston Astros,Oakland Athletics
Houston Astros,Oakland Athletics
Houston Astros,Oakland Athletics
Houston Astros,Oakland Athletics
Houston Astros,Oakland Athletics
Houston Astros,Oakland Athletics
Kansas City Royals,Oakland Athletics
Kansas City Royals,Oakland Athletics
Kansas City Royals,Oakland Athletics
Los Angeles Angels,Oakland Athletics
Los Angeles Angels,Oakland Athletics
Los Angeles Angels,Oakland Athletics
Los Angeles Angels,Oakland Athletics
Los Angeles Angels,Oakland Athletics
Los Angeles Angels,Oakland Athletics
Los Angeles Angels,Oakland Athletics
Los Angeles Angels,Oakland Athletics
Los Angeles Angels,Oakland Athletics
Los Angeles Angels,Oakland Athletics
Miami Marlins,Oakland Athletics
Miami Marlins,Oakland Athletics
Miami Marlins,Oakland Athletics
Minnesota Twins,Oakland Athletics
Minnesota Twins,Oakland Athletics
Minnesota Twins,Oakland Athletics
New York Mets,Oakland Athletics
New York Mets,Oakland Athletics
New York Mets,Oakland Athletics
New York Yankees,Oakland Athletics
New York Yankees,Oakland Athletics
New York Yankees,Oakland Athletics
New York Yankees,Oakland Athletics
San Francisco Giants,Oakland Athletics
San Francisco Giants,Oakland Athletics
Seattle Mariners,Oakland Athletics
Seattle Mariners,Oakland Athletics
Seattle Mariners,Oakland Athletics
Seattle Mariners,Oakland Athletics
Seattle Mariners,Oakland Athletics
Seattle Mariners,Oakland Athletics
Seattle Mariners,Oakland Athletics
Seattle Mariners,Oakland Athletics
Seattle Mariners,Oakland Athletics
Tampa Bay Rays,Oakland Athletics
Tampa Bay Rays,Oakland Athletics
Tampa Bay Rays,Oakland Athletics
Texas Rangers,Oakland Athletics
Texas Rangers,Oakland Athletics
Texas Rangers,Oakland Athletics
Texas Rangers,Oakland Athletics
Texas Rangers,Oakland Athletics
Texas Rangers,Oakland Athletics
Texas Rangers,Oakland Athletics
Texas Rangers,Oakland Athletics
Texas Rangers,Oakland Athletics
Texas Rangers,Oakland Athletics
Toronto Blue Jays,Oakland Athletics
Toronto Blue Jays,Oakland Athletics
Toronto Blue Jays,Oakland Athletics
Arizona Diamondbacks,Philadelphia Phillies
Arizona Diamondbacks,Philadelphia Phillies
Arizona Diamondbacks,Philadelphia Phillies
Atlanta Braves,Philadelphia Phillies
Atlanta Braves,Philadelphia Phillies
Atlanta Braves,Philadelphia Phillies
Atlanta Braves,Philadelphia Phillies
Atlanta Braves,Philadelphia Phillies
Atlanta Braves,Philadelphia Phillies
Atlanta Braves,Philadelphia Phillies
Atlanta Braves,Philadelphia Phillies
Atlanta Braves,Philadelphia Phillies
Atlanta Braves,Philadelphia Phillies
Chicago Cubs,Philadelphia Phillies
Chicago Cubs,Philadelphia Phillies
Chicago Cubs,Philadelphia Phillies
Cincinnati Reds,Philadelphia Phillies
Cincinnati Reds,Philadelphia Phillies
Cincinnati Reds,Philadelphia Phillies
Cincinnati Reds,Philadelphia Phillies
Colorado Rockies,Philadelphia Phillies
Colorado Rockies,Philadelphia Phillies
Colorado Rockies,Philadelphia Phillies
Colorado Rockies,Philadelphia Phillies
Los Angeles Angels,Philadelphia Phillies
Los Angeles Angels,Philadelphia Phillies
Los Angeles Angels,Philadelphia Phillies
Los Angeles Dodgers,Philadelphia Phillies
Los Angeles Dodgers,Philadelphia Phillies
Los Angeles Dodgers,Philadelphia Phillies
Miami Marlins,Philadelphia Phillies
Miami Marlins,Philadelphia Phillies
Miami Marlins,Philadelphia Phillies
Miami Marlins,Philadelphia Phillies
Miami Marlins,Philadelphia Phillies
Miami Marlins,Philadelphia Phillies
Miami Marlins,Philadelphia Phillies
Miami Marlins,Philadelphia Phillies
Miami Marlins,Philadelphia Phillies
Milwaukee Brewers,Philadelphia Phillies
Milwaukee Brewers,Philadelphia Phillies
Milwaukee Brewers,Philadelphia Phillies
New York Mets,Philadelphia Phillies
New York Mets,Philadelphia Phillies
New York Mets,Philadelphia Phillies
New York Mets,Philadelphia Phillies
New York Mets,Philadelphia Phillies
New York Mets,Philadelphia Phillies
New York Mets,Philadelphia Phillies
New York Mets,Philadelphia Phillies
New York Mets,Philadelphia Phillies
New York Mets,Philadelphia Phillies
Oakland Athletics,Philadelphia Phillies
Oakland Athletics,Philadelphia Phillies
Oakland Athletics,Philadelphia Phillies
Pittsburgh Pirates,Philadelphia Phillies
Pittsburgh Pirates,Philadelphia Phillies
Pittsburgh Pirates,Philadelphia Phillies
San Diego Padres,Philadelphia Phillies
San Diego Padres,Philadelphia Phillies
San Diego Padres,Philadelphia Phillies
San Francisco Giants,Philadelphia Phillies
San Francisco Giants,Philadelphia Phillies
San Francisco Giants,Philadelphia Phillies
St. Louis Cardinals,Philadelphia Phillies
St. Louis Cardinals,Philadelphia Phillies
St. Louis Cardinals,Philadelphia Phillies
Texas Rangers,Philadelphia Phillies
Texas Rangers,Philadelphia Phillies
Toronto Blue Jays,Philadelphia Phillies
Toronto Blue Jays,Philadelphia Phillies
Washington Nationals,Philadelphia Phillies
Washington Nationals,Philadelphia Phillies
Washington Nationals,Philadelphia Phillies
Washington Nationals,Philadelphia Phillies
Washington Nationals,Philadelphia Phillies
Washington Nationals,Philadelphia Phillies
Washington Nationals,Philadelphia Phillies
Washington Nationals,Philadelphia Phillies
Washington Nationals,Philadelphia Phillies
Washington Nationals,Philadelphia Phillies
Arizona Diamondbacks,Pittsburgh Pirates
Arizona Diamondbacks,Pittsburgh Pirates
Arizona Diamondbacks,Pittsburgh Pirates
Atlanta Braves,Pittsburgh Pirates
Atlanta Braves,Pittsburgh Pirates
Atlanta Braves,Pittsburgh Pirates
Boston Red Sox,Pittsburgh Pirates
Boston Red Sox,Pittsburgh Pirates
Boston Red Sox,Pittsburgh Pirates
Chicago Cubs,Pittsburgh Pirates
Chicago Cubs,Pittsburgh Pirates
Chicago Cubs,Pittsburgh Pirates
Chicago Cubs,Pittsburgh Pirates
Chicago Cubs,Pittsburgh Pirates
Chicago Cubs,Pittsburgh Pirates
Chicago Cubs,Pittsburgh Pirates
Chicago Cubs,Pittsburgh Pirates
Chicago Cubs,Pittsburgh Pirates
Chicago Cubs,Pittsburgh Pirates
Cincinnati Reds,Pittsburgh Pirates
Cincinnati Reds,Pittsburgh Pirates
Cincinnati Reds,Pittsburgh Pirates
Cincinnati Reds,Pittsburgh Pirates
Cincinnati Reds,Pittsburgh Pirates
Cincinnati Reds,Pittsburgh Pirates
Cincinnati Reds,Pittsburgh Pirates
Cincinnati Reds,Pittsburgh Pirates
Cincinnati Reds,Pittsburgh Pirates
Cincinnati Reds,Pittsburgh Pirates
Colorado Rockies,Pittsburgh Pirates
Colorado Rockies,Pittsburgh Pirates
Colorado Rockies,Pittsburgh Pirates
Detroit Tigers,Pittsburgh Pirates
Detroit Tigers,Pittsburgh Pirates
Los Angeles Dodgers,Pittsburgh Pirates
Los Angeles Dodgers,Pittsburgh Pirates
Los Angeles Dodgers,Pittsburgh Pirates
Miami Marlins,Pittsburgh Pirates
Miami Marlins,Pittsburgh Pirates
Miami Marlins,Pittsburgh Pirates
Milwaukee Brewers,Pittsburgh Pirates
Milwaukee Brewers,Pittsburgh Pirates
Milwaukee Brewers,Pittsburgh Pirates
Milwaukee Brewers,Pittsburgh Pirates
Milwaukee Brewers,Pittsburgh Pirates
Milwaukee Brewers,Pittsburgh Pirates
Milwaukee Brewers,Pittsburgh Pirates
Milwaukee Brewers,Pittsburgh Pirates
Milwaukee Brewers,Pittsburgh Pirates
Milwaukee Brewers,Pittsburgh Pirates
New York Mets,Pittsburgh Pirates
New York Mets,Pittsburgh Pirates
New York Mets,Pittsburgh Pirates
New York Yankees,Pittsburgh Pirates
New York Yankees,Pittsburgh Pirates
Philadelphia Phillies,Pittsburgh Pirates
Philadelphia Phillies,Pittsburgh Pirates
Philadelphia Phillies,Pittsburgh Pirates
Philadelphia Phillies,Pittsburgh Pirates
San Diego Padres,Pittsburgh Pirates
San Diego Padres,Pittsburgh Pirates
San Diego Padres,Pittsburgh Pirates
San Francisco Giants,Pittsburgh Pirates
San Francisco Giants,Pittsburgh Pirates
San Francisco Giants,Pittsburgh Pirates
St. Louis Cardinals,Pittsburgh Pirates
St. Louis Cardinals,Pittsburgh Pirates
St. Louis Cardinals,Pittsburgh Pirates
St. Louis Cardinals,Pittsburgh Pirates
St. Louis Cardinals,Pittsburgh Pirates
St. Louis Cardinals,Pittsburgh Pirates
St. Louis Cardinals,Pittsburgh Pirates
St. Louis Cardinals,Pittsburgh Pirates
St. Louis Cardinals,Pittsburgh Pirates
Toronto Blue Jays,Pittsburgh Pirates
Toronto Blue Jays,Pittsburgh Pirates
Toronto Blue Jays,Pittsburgh Pirates
Washington Nationals,Pittsburgh Pirates
Washington Nationals,Pittsburgh Pirates
Washington Nationals,Pittsburgh Pirates
Washington Nationals,Pittsburgh Pirates
Arizona Diamondbacks,San Diego Padres
Arizona Diamondbacks,San Diego Padres
Arizona Diamondbacks,San Diego Padres
Arizona Diamondbacks,San Diego Padres
Arizona Diamondbacks,San Diego Padres
Arizona Diamondbacks,San Diego Padres
Arizona Diamondbacks,San Diego Padres
Arizona Diamondbacks,San Diego Padres
Arizona Diamondbacks,San Diego Padres
Atlanta Braves,San Diego Padres
Atlanta Braves,San Diego Padres
Atlanta Braves,San Diego Padres
Atlanta Braves,San Diego Padres
Chicago Cubs,San Diego Padres
Chicago Cubs,San Diego Padres
Chicago Cubs,San Diego Padres
Chicago White Sox,San Diego Padres
Chicago White Sox,San Diego Padres
Chicago White Sox,San Diego Padres
Cincinnati Reds,San Diego Padres
Cincinnati Reds,San Diego Padres
Cincinnati Reds,San Diego Padres
Cleveland Guardians,San Diego Padres
Cleveland Guardians,San Diego Padres
Colorado Rockies,San Diego Padres
Colorado Rockies,San Diego Padres
Colorado Rockies,San Diego Padres
Colorado Rockies,San Diego Padres
Colorado Rockies,San Diego Padres
Colorado Rockies,San Diego Padres
Colorado Rockies,San Diego Padres
Colorado Rockies,San Diego Padres
Colorado Rockies,San Diego Padres
Los Angeles Dodgers,San Diego Padres
Los Angeles Dodgers,San Diego Padres
Los Angeles Dodgers,San Diego Padres
Los Angeles Dodgers,San Diego Padres
Los Angeles Dodgers,San Diego Padres
Los Angeles Dodgers,San Diego Padres
Los Angeles Dodgers,San Diego Padres
Los Angeles Dodgers,San Diego Padres
Los Angeles Dodgers,San Diego Padres
Miami Marlins,San Diego Padres
Miami Marlins,San Diego Padres
Miami Marlins,San Diego Padres
Miami Marlins,San Diego Padres
Milwaukee Brewers,San Diego Padres
Milwaukee Brewers,San Diego Padres
Milwaukee Brewers,San Diego Padres
Minnesota Twins,San Diego Padres
Minnesota Twins,San Diego Padres
Minnesota Twins,San Diego Padres
New York Mets,San Diego Padres
New York Mets,San Diego Padres
New York Mets,San Diego Padres
Philadelphia Phillies,San Diego Padres
Philadelphia Phillies,San Diego Padres
Philadelphia Phillies,San Diego Padres
Philadelphia Phillies,San Diego Padres
Pittsburgh Pirates,San Diego Padres
Pittsburgh Pirates,San Diego Padres
Pittsburgh Pirates,San Diego Padres
San Francisco Giants,San Diego Padres
San Francisco Giants,San Diego Padres
San Francisco Giants,San Diego Padres
San Francisco Giants,San Diego Padres
San Francisco Giants,San Diego Padres
San Francisco Giants,San Diego Padres
San Francisco Giants,San Diego Padres
San Francisco Giants,San Diego Padres
San Francisco Giants,San Diego Padres
San Francisco Giants,San Diego Padres
Seattle Mariners,San Diego Padres
Seattle Mariners,San Diego Padres
St. Louis Cardinals,San Diego Padres
St. Louis Cardinals,San Diego Padres
St. Louis Cardinals,San Diego Padres
Washington Nationals,San Diego Padres
Washington Nationals,San Diego Padres
Washington Nationals,San Diego Padres
Washington Nationals,San Diego Padres
Arizona Diamondbacks,San Francisco Giants
Arizona Diamondbacks,San Francisco Giants
Arizona Diamondbacks,San Francisco Giants
Arizona Diamondbacks,San Francisco Giants
Arizona Diamondbacks,San Francisco Giants
Arizona Diamondbacks,San Francisco Giants
Arizona Diamondbacks,San Francisco Giants
Arizona Diamondbacks,San Francisco Giants
Arizona Diamondbacks,San Francisco Giants
Arizona Diamondbacks,San Francisco Giants
Atlanta Braves,San Francisco Giants
Atlanta Braves,San Francisco Giants
Atlanta Braves,San Francisco Giants
Chicago Cubs,San Francisco Giants
Chicago Cubs,San Francisco Giants
Chicago Cubs,San Francisco Giants
Chicago Cubs,San Francisco Giants
Chicago White Sox,San Francisco Giants
Chicago White Sox,San Francisco Giants
Chicago White Sox,San Francisco Giants
Cincinnati Reds,San Francisco Giants
Cincinnati Reds,San Francisco Giants
Cincinnati Reds,San Francisco Giants
Colorado Rockies,San Francisco Giants
Colorado Rockies,San Francisco Giants
Colorado Rockies,San Francisco Giants
Colorado Rockies,San Francisco Giants
Colorado Rockies,San Francisco Giants
Colorado Rockies,San Francisco Giants
Colorado Rockies,San Francisco Giants
Colorado Rockies,San Francisco Giants
Colorado Rockies,San Francisco Giants
Detroit Tigers,San Francisco Giants
Detroit Tigers,San Francisco Giants
Kansas City Royals,San Francisco Giants
Kansas City Royals,San Francisco Giants
Kansas City Royals,San Francisco Giants
Los Angeles Dodgers,San Francisco Giants
Los Angeles Dodgers,San Francisco Giants
Los Angeles Dodgers,San Francisco Giants
Los Angeles Dodgers,San Francisco Giants
Los Angeles Dodgers,San Francisco Giants
Los Angeles Dodgers,San Francisco Giants
Los Angeles Dodgers,San Francisco Giants
Los Angeles Dodgers,San Francisco Giants
Los Angeles Dodgers,San Francisco Giants
Los Angeles Dodgers,San Francisco Giants
Miami Marlins,San Francisco Giants
Miami Marlins,San Francisco Giants
Miami Marlins,San Francisco Giants
Milwaukee Brewers,San Francisco Giants
Milwaukee Brewers,San Francisco Giants
Milwaukee Brewers,San Francisco Giants
Milwaukee Brewers,San Francisco Giants
New York Mets,San Francisco Giants
New York Mets,San Francisco Giants
New York Mets,San Francisco Giants
Oakland Athletics,San Francisco Giants
Oakland Athletics,San Francisco Giants
Philadelphia Phillies,San Francisco Giants
Philadelphia Phillies,San Francisco Giants
Philadelphia Phillies,San Francisco Giants
Pittsburgh Pirates,San Francisco Giants
Pittsburgh Pirates,San Francisco Giants
Pittsburgh Pirates,San Francisco Giants
San Diego Padres,San Francisco Giants
San Diego Padres,San Francisco Giants
San Diego Padres,San Francisco Giants
San Diego Padres,San Francisco Giants
San Diego Padres,San Francisco Giants
San Diego Padres,San Francisco Giants
San Diego Padres,San Francisco Giants
San Diego Padres,San Francisco Giants
San Diego Padres,San Francisco Giants
St. Louis Cardinals,San Francisco Giants
St. Louis Cardinals,San Francisco Giants
St. Louis Cardinals,San Francisco Giants
St. Louis Cardinals,San Francisco Giants
Washington Nationals,San Francisco Giants
Washington Nationals,San Francisco Giants
Washington Nationals,San Francisco Giants
Atlanta Braves,Seattle Mariners
Atlanta Braves,Seattle Mariners
Atlanta Braves,Seattle Mariners
Baltimore Orioles,Seattle Mariners
Baltimore Orioles,Seattle Mariners
Baltimore Orioles,Seattle Mariners
Boston Red Sox,Seattle Mariners
Boston Red Sox,Seattle Mariners
Boston Red Sox,Seattle Mariners
Chicago White Sox,Seattle Mariners
Chicago White Sox,Seattle Mariners
Chicago White Sox,Seattle Mariners
Cleveland Guardians,Seattle Mariners
Cleveland Guardians,Seattle Mariners
Cleveland Guardians,Seattle Mariners
Cleveland Guardians,Seattle Mariners
Detroit Tigers,Seattle Mariners
Detroit Tigers,Seattle Mariners
Detroit Tigers,Seattle Mariners
Detroit Tigers,Seattle Mariners
Houston Astros,Seattle Mariners
Houston Astros,Seattle Mariners
Houston Astros,Seattle Mariners
Houston Astros,Seattle Mariners
Houston Astros,Seattle Mariners
Houston Astros,Seattle Mariners
Houston Astros,Seattle Mariners
Houston Astros,Seattle Mariners
Houston Astros,Seattle Mariners
Kansas City Royals,Seattle Mariners
Kansas City Royals,Seattle Mariners
Kansas City Royals,Seattle Mariners
Los Angeles Angels,Seattle Mariners
Los Angeles Angels,Seattle Mariners
Los Angeles Angels,Seattle Mariners
Los Angeles Angels,Seattle Mariners
Los Angeles Angels,Seattle Mariners
Los Angeles Angels,Seattle Mariners
Los Angeles Angels,Seattle Mariners
Los Angeles Angels,Seattle Mariners
Los Angeles Angels,Seattle Mariners
Minnesota Twins,Seattle Mariners
Minnesota Twins,Seattle Mariners
Minnesota Twins,Seattle Mariners
New York Yankees,Seattle Mariners
New York Yankees,Seattle Mariners
New York Yankees,Seattle Mariners
Oakland Athletics,Seattle Mariners
Oakland Athletics,Seattle Mariners
Oakland Athletics,Seattle Mariners
Oakland Athletics,Seattle Mariners
Oakland Athletics,Seattle Mariners
Oakland Athletics,Seattle Mariners
Oakland Athletics,Seattle Mariners
Oakland Athletics,Seattle Mariners
Oakland Athletics,Seattle Mariners
Oakland Athletics,Seattle Mariners
Philadelphia Phillies,Seattle Mariners
Philadelphia Phillies,Seattle Mariners
Philadelphia Phillies,Seattle Mariners
San Diego Padres,Seattle Mariners
San Diego Padres,Seattle Mariners
Tampa Bay Rays,Seattle Mariners
Tampa Bay Rays,Seattle Mariners
Tampa Bay Rays,Seattle Mariners
Tampa Bay Rays,Seattle Mariners
Texas Rangers,Seattle Mariners
Texas Rangers,Seattle Mariners
Texas Rangers,Seattle Mariners
Texas Rangers,Seattle Mariners
Texas Rangers,Seattle Mariners
Texas Rangers,Seattle Mariners
Texas Rangers,Seattle Mariners
Texas Rangers,Seattle Mariners
Texas Rangers,Seattle Mariners
Toronto Blue Jays,Seattle Mariners
Toronto Blue Jays,Seattle Mariners
Toronto Blue Jays,Seattle Mariners
Toronto Blue Jays,Seattle Mariners
Washington Nationals,Seattle Mariners
Washington Nationals,Seattle Mariners
Arizona Diamondbacks,St. Louis Cardinals
Arizona Diamondbacks,St. Louis Cardinals
Arizona Diamondbacks,St. Louis Cardinals
Arizona Diamondbacks,St. Louis Cardinals
Atlanta Braves,St. Louis Cardinals
Atlanta Braves,St. Louis Cardinals
Atlanta Braves,St. Louis Cardinals
Baltimore Orioles,St. Louis Cardinals
Baltimore Orioles,St. Louis Cardinals
Baltimore Orioles,St. Louis Cardinals
Chicago Cubs,St. Louis Cardinals
Chicago Cubs,St. Louis Cardinals
Chicago Cubs,St. Louis Cardinals
Chicago Cubs,St. Louis Cardinals
Chicago Cubs,St. Louis Cardinals
Chicago Cubs,St. Louis Cardinals
Chicago Cubs,St. Louis Cardinals
Chicago Cubs,St. Louis Cardinals
Chicago Cubs,St. Louis Cardinals
Cincinnati Reds,St. Louis Cardinals
Cincinnati Reds,St. Louis Cardinals
Cincinnati Reds,St. Louis Cardinals
Cincinnati Reds,St. Louis Cardinals
Cincinnati Reds,St. Louis Cardinals
Cincinnati Reds,St. Louis Cardinals
Cincinnati Reds,St. Louis Cardinals
Cincinnati Reds,St. Louis Cardinals
Cincinnati Reds,St. Louis Cardinals
Cincinnati Reds,St. Louis Cardinals
Colorado Rockies,St. Louis Cardinals
Colorado Rockies,St. Louis Cardinals
Colorado Rockies,St. Louis Cardinals
Kansas City Royals,St. Louis Cardinals
Kansas City Royals,St. Louis Cardinals
Los Angeles Dodgers,St. Louis Cardinals
Los Angeles Dodgers,St. Louis Cardinals
Los Angeles Dodgers,St. Louis Cardinals
Miami Marlins,St. Louis Cardinals
Miami Marlins,St. Louis Cardinals
Miami Marlins,St. Louis Cardinals
Milwaukee Brewers,St. Louis Cardinals
Milwaukee Brewers,St. Louis Cardinals
Milwaukee Brewers,St. Louis Cardinals
Milwaukee Brewers,St. Louis Cardinals
Milwaukee Brewers,St. Louis Cardinals
Milwaukee Brewers,St. Louis Cardinals
Milwaukee Brewers,St. Louis Cardinals
Milwaukee Brewers,St. Louis Cardinals
Milwaukee Brewers,St. Louis Cardinals
New York Mets,St. Louis Cardinals
New York Mets,St. Louis Cardinals
New York Mets,St. Louis Cardinals
New York Yankees,St. Louis Cardinals
New York Yankees,St. Louis Cardinals
New York Yankees,St. Louis Cardinals
Philadelphia Phillies,St. Louis Cardinals
Philadelphia Phillies,St. Louis Cardinals
Philadelphia Phillies,St. Louis Cardinals
Philadelphia Phillies,St. Louis Cardinals
Pittsburgh Pirates,St. Louis Cardinals
Pittsburgh Pirates,St. Louis Cardinals
Pittsburgh Pirates,St. Louis Cardinals
Pittsburgh Pirates,St. Louis Cardinals
Pittsburgh Pirates,St. Louis Cardinals
Pittsburgh Pirates,St. Louis Cardinals
Pittsburgh Pirates,St. Louis Cardinals
Pittsburgh Pirates,St. Louis Cardinals
Pittsburgh Pirates,St. Louis Cardinals
Pittsburgh Pirates,St. Louis Cardinals
San Diego Padres,St. Louis Cardinals
San Diego Padres,St. Louis Cardinals
San Diego Padres,St. Louis Cardinals
San Francisco Giants,St. Louis Cardinals
San Francisco Giants,St. Louis Cardinals
San Francisco Giants,St. Louis Cardinals
Toronto Blue Jays,St. Louis Cardinals
Toronto Blue Jays,St. Louis Cardinals
Washington Nationals,St. Louis Cardinals
Washington Nationals,St. Louis Cardinals
Washington Nationals,St. Louis Cardinals
Washington Nationals,St. Louis Cardinals
Baltimore Orioles,Tampa Bay Rays
Baltimore Orioles,Tampa Bay Rays
Baltimore Orioles,Tampa Bay Rays
Baltimore Orioles,Tampa Bay Rays
Baltimore Orioles,Tampa Bay Rays
Baltimore Orioles,Tampa Bay Rays
Baltimore Orioles,Tampa Bay Rays
Baltimore Orioles,Tampa Bay Rays
Baltimore Orioles,Tampa Bay Rays
Boston Red Sox,Tampa Bay Rays
Boston Red Sox,Tampa Bay Rays
Boston Red Sox,Tampa Bay Rays
Boston Red Sox,Tampa Bay Rays
Boston Red Sox,Tampa Bay Rays
Boston Red Sox,Tampa Bay Rays
Boston Red Sox,Tampa Bay Rays
Boston Red Sox,Tampa Bay Rays
Boston Red Sox,Tampa Bay Rays
Boston Red Sox,Tampa Bay Rays
Chicago White Sox,Tampa Bay Rays
Chicago White Sox,Tampa Bay Rays
Chicago White Sox,Tampa Bay Rays
Cleveland Guardians,Tampa Bay Rays
Cleveland Guardians,Tampa Bay Rays
Cleveland Guardians,Tampa Bay Rays
Detroit Tigers,Tampa Bay Rays
Detroit Tigers,Tampa Bay Rays
Detroit Tigers,Tampa Bay Rays
Houston Astros,Tampa Bay Rays
Houston Astros,Tampa Bay Rays
Houston Astros,Tampa Bay Rays
Kansas City Royals,Tampa Bay Rays
Kansas City Royals,Tampa Bay Rays
Kansas City Royals,Tampa Bay Rays
Kansas City Royals,Tampa Bay Rays
Los Angeles Angels,Tampa Bay Rays
Los Angeles Angels,Tampa Bay Rays
Los Angeles Angels,Tampa Bay Rays
Los Angeles Angels,Tampa Bay Rays
Miami Marlins,Tampa Bay Rays
Miami Marlins,Tampa Bay Rays
Milwaukee Brewers,Tampa Bay Rays
Milwaukee Brewers,Tampa Bay Rays
Minnesota Twins,Tampa Bay Rays
Minnesota Twins,Tampa Bay Rays
Minnesota Twins,Tampa Bay Rays
New York Yankees,Tampa Bay Rays
New York Yankees,Tampa Bay Rays
New York Yankees,Tampa Bay Rays
New York Yankees,Tampa Bay Rays
New York Yankees,Tampa Bay Rays
New York Yankees,Tampa Bay Rays
New York Yankees,Tampa Bay Rays
New York Yankees,Tampa Bay Rays
New York Yankees,Tampa Bay Rays
New York Yankees,Tampa Bay Rays
Oakland Athletics,Tampa Bay Rays
Oakland Athletics,Tampa Bay Rays
Oakland Athletics,Tampa Bay Rays
Oakland Athletics,Tampa Bay Rays
Pittsburgh Pirates,Tampa Bay Rays
Pittsburgh Pirates,Tampa Bay Rays
Pittsburgh Pirates,Tampa Bay Rays
Seattle Mariners,Tampa Bay Rays
Seattle Mariners,Tampa Bay Rays
Seattle Mariners,Tampa Bay Rays
St. Louis Cardinals,Tampa Bay Rays
St. Louis Cardinals,Tampa Bay Rays
St. Louis Cardinals,Tampa Bay Rays
Texas Rangers,Tampa Bay Rays
Texas Rangers,Tampa Bay Rays
Texas Rangers,Tampa Bay Rays
Toronto Blue Jays,Tampa Bay Rays
Toronto Blue Jays,Tampa Bay Rays
Toronto Blue Jays,Tampa Bay Rays
Toronto Blue Jays,Tampa Bay Rays
Toronto Blue Jays,Tampa Bay Rays
Toronto Blue Jays,Tampa Bay Rays
Toronto Blue Jays,Tampa Bay Rays
Toronto Blue Jays,Tampa Bay Rays
Toronto Blue Jays,Tampa Bay Rays
Atlanta Braves,Texas Rangers
Atlanta Braves,Texas Rangers
Atlanta Braves,Texas Rangers
Baltimore Orioles,Texas Rangers
Baltimore Orioles,Texas Rangers
Baltimore Orioles,Texas Rangers
Boston Red Sox,Texas Rangers
Boston Red Sox,Texas Rangers
Boston Red Sox,Texas Rangers
Chicago White Sox,Texas Rangers
Chicago White Sox,Texas Rangers
Chicago White Sox,Texas Rangers
Chicago White Sox,Texas Rangers
Cleveland Guardians,Texas Rangers
Cleveland Guardians,Texas Rangers
Cleveland Guardians,Texas Rangers
Colorado Rockies,Texas Rangers
Colorado Rockies,Texas Rangers
Detroit Tigers,Texas Rangers
Detroit Tigers,Texas Rangers
Detroit Tigers,Texas Rangers
Houston Astros,Texas Rangers
Houston Astros,Texas Rangers
Houston Astros,Texas Rangers
Houston Astros,Texas Rangers
Houston Astros,Texas Rangers
Houston Astros,Texas Rangers
Houston Astros,Texas Rangers
Houston Astros,Texas Rangers
Houston Astros,Texas Rangers
Kansas City Royals,Texas Rangers
Kansas City Royals,Texas Rangers
Kansas City Royals,Texas Rangers
Los Angeles Angels,Texas Rangers
Los Angeles Angels,Texas Rangers
Los Angeles Angels,Texas Rangers
Los Angeles Angels,Texas Rangers
Los Angeles Angels,Texas Rangers
Los Angeles Angels,Texas Rangers
Los Angeles Angels,Texas Rangers
Los Angeles Angels,Texas Rangers
Los Angeles Angels,Texas Rangers
Los Angeles Angels,Texas Rangers
Minnesota Twins,Texas Rangers
Minnesota Twins,Texas Rangers
Minnesota Twins,Texas Rangers
New York Yankees,Texas Rangers
New York Yankees,Texas Rangers
New York Yankees,Texas Rangers
New York Yankees,Texas Rangers
Oakland Athletics,Texas Rangers
Oakland Athletics,Texas Rangers
Oakland Athletics,Texas Rangers
Oakland Athletics,Texas Rangers
Oakland Athletics,Texas Rangers
Oakland Athletics,Texas Rangers
Oakland Athletics,Texas Rangers
Oakland Athletics,Texas Rangers
Oakland Athletics,Texas Rangers
Philadelphia Phillies,Texas Rangers
Philadelphia Phillies,Texas Rangers
Seattle Mariners,Texas Rangers
Seattle Mariners,Texas Rangers
Seattle Mariners,Texas Rangers
Seattle Mariners,Texas Rangers
Seattle Mariners,Texas Rangers
Seattle Mariners,Texas Rangers
Seattle Mariners,Texas Rangers
Seattle Mariners,Texas Rangers
Seattle Mariners,Texas Rangers
Seattle Mariners,Texas Rangers
Tampa Bay Rays,Texas Rangers
Tampa Bay Rays,Texas Rangers
Tampa Bay Rays,Texas Rangers
Tampa Bay Rays,Texas Rangers
Toronto Blue Jays,Texas Rangers
Toronto Blue Jays,Texas Rangers
Toronto Blue Jays,Texas Rangers
Washington Nationals,Texas Rangers
Washington Nationals,Texas Rangers
Washington Nationals,Texas Rangers
Baltimore Orioles,Toronto Blue Jays
Baltimore Orioles,Toronto Blue Jays
Baltimore Orioles,Toronto Blue Jays
Baltimore Orioles,Toronto Blue Jays
Baltimore Orioles,Toronto Blue Jays
Baltimore Orioles,Toronto Blue Jays
Baltimore Orioles,Toronto Blue Jays
Baltimore Orioles,Toronto Blue Jays
Baltimore Orioles,Toronto Blue Jays
Baltimore Orioles,Toronto Blue Jays
Boston Red Sox,Toronto Blue Jays
Boston Red Sox,Toronto Blue Jays
Boston Red Sox,Toronto Blue Jays
Boston Red Sox,Toronto Blue Jays
Boston Red Sox,Toronto Blue Jays
Boston Red Sox,Toronto Blue Jays
Boston Red Sox,Toronto Blue Jays
Boston Red Sox,Toronto Blue Jays
Boston Red Sox,Toronto Blue Jays
Boston Red Sox,Toronto Blue Jays
Chicago Cubs,Toronto Blue Jays
Chicago Cubs,Toronto Blue Jays
Chicago Cubs,Toronto Blue Jays
Chicago White Sox,Toronto Blue Jays
Chicago White Sox,Toronto Blue Jays
Chicago White Sox,Toronto Blue Jays
Cincinnati Reds,Toronto Blue Jays
Cincinnati Reds,Toronto Blue Jays
Cincinnati Reds,Toronto Blue Jays
Cleveland Guardians,Toronto Blue Jays
Cleveland Guardians,Toronto Blue Jays
Cleveland Guardians,Toronto Blue Jays
Detroit Tigers,Toronto Blue Jays
Detroit Tigers,Toronto Blue Jays
Detroit Tigers,Toronto Blue Jays
Detroit Tigers,Toronto Blue Jays
Houston Astros,Toronto Blue Jays
Houston Astros,Toronto Blue Jays
Houston Astros,Toronto Blue Jays
Kansas City Royals,Toronto Blue Jays
Kansas City Royals,Toronto Blue Jays
Kansas City Royals,Toronto Blue Jays
Kansas City Royals,Toronto Blue Jays
Los Angeles Angels,Toronto Blue Jays
Los Angeles Angels,Toronto Blue Jays
Los Angeles Angels,Toronto Blue Jays
Minnesota Twins,Toronto Blue Jays
Minnesota Twins,Toronto Blue Jays
Minnesota Twins,Toronto Blue Jays
New York Yankees,Toronto Blue Jays
New York Yankees,Toronto Blue Jays
New York Yankees,Toronto Blue Jays
New York Yankees,Toronto Blue Jays
New York Yankees,Toronto Blue Jays
New York Yankees,Toronto Blue Jays
New York Yankees,Toronto Blue Jays
New York Yankees,Toronto Blue Jays
New York Yankees,Toronto Blue Jays
Oakland Athletics,Toronto Blue Jays
Oakland Athletics,Toronto Blue Jays
Oakland Athletics,Toronto Blue Jays
Philadelphia Phillies,Toronto Blue Jays
Philadelphia Phillies,Toronto Blue Jays
Seattle Mariners,Toronto Blue Jays
Seattle Mariners,Toronto Blue Jays
Seattle Mariners,Toronto Blue Jays
St. Louis Cardinals,Toronto Blue Jays
St. Louis Cardinals,Toronto Blue Jays
Tampa Bay Rays,Toronto Blue Jays
Tampa Bay Rays,Toronto Blue Jays
Tampa Bay Rays,Toronto Blue Jays
Tampa Bay Rays,Toronto Blue Jays
Tampa Bay Rays,Toronto Blue Jays
Tampa Bay Rays,Toronto Blue Jays
Tampa Bay Rays,Toronto Blue Jays
Tampa Bay Rays,Toronto Blue Jays
Tampa Bay Rays,Toronto Blue Jays
Tampa Bay Rays,Toronto Blue Jays
Texas Rangers,Toronto Blue Jays
Texas Rangers,Toronto Blue Jays
Texas Rangers,Toronto Blue Jays
Arizona Diamondbacks,Washington Nationals
Arizona Diamondbacks,Washington Nationals
Arizona Diamondbacks,Washington Nationals
Arizona Diamondbacks,Washington Nationals
Atlanta Braves,Washington Nationals
Atlanta Braves,Washington Nationals
Atlanta Braves,Washington Nationals
Atlanta Braves,Washington Nationals
Atlanta Braves,Washington Nationals
Atlanta Braves,Washington Nationals
Atlanta Braves,Washington Nationals
Atlanta Braves,Washington Nationals
Atlanta Braves,Washington Nationals
Atlanta Braves,Washington Nationals
Baltimore Orioles,Washington Nationals
Baltimore Orioles,Washington Nationals
Chicago Cubs,Washington Nationals
Chicago Cubs,Washington Nationals
Chicago Cubs,Washington Nationals
Cincinnati Reds,Washington Nationals
Cincinnati Reds,Washington Nationals
Cincinnati Reds,Washington Nationals
Colorado Rockies,Washington Nationals
Colorado Rockies,Washington Nationals
Colorado Rockies,Washington Nationals
Colorado Rockies,Washington Nationals
Houston Astros,Washington Nationals
Houston Astros,Washington Nationals
Houston Astros,Washington Nationals
Los Angeles Dodgers,Washington Nationals
Los Angeles Dodgers,Washington Nationals
Los Angeles Dodgers,Washington Nationals
Miami Marlins,Washington Nationals
Miami Marlins,Washington Nationals
Miami Marlins,Washington Nationals
Miami Marlins,Washington Nationals
Miami Marlins,Washington Nationals
Miami Marlins,Washington Nationals
Miami Marlins,Washington Nationals
Miami Marlins,Washington Nationals
Miami Marlins,Washington Nationals
Miami Marlins,Washington Nationals
Milwaukee Brewers,Washington Nationals
Milwaukee Brewers,Washington Nationals
Milwaukee Brewers,Washington Nationals
New York Mets,Washington Nationals
New York Mets,Washington Nationals
New York Mets,Washington Nationals
New York Mets,Washington Nationals
New York Mets,Washington Nationals
New York Mets,Washington Nationals
New York Mets,Washington Nationals
New York Mets,Washington Nationals
New York Mets,Washington Nationals
New York Mets,Washington Nationals
Oakland Athletics,Washington Nationals
Oakland Athletics,Washington Nationals
Oakland Athletics,Washington Nationals
Philadelphia Phillies,Washington Nationals
Philadelphia Phillies,Washington Nationals
Philadelphia Phillies,Washington Nationals
Philadelphia Phillies,Washington Nationals
Philadelphia Phillies,Washington Nationals
Philadelphia Phillies,Washington Nationals
Philadelphia Phillies,Washington Nationals
Philadelphia Phillies,Washington Nationals
Philadelphia Phillies,Washington Nationals
Pittsburgh Pirates,Washington Nationals
Pittsburgh Pirates,Washington Nationals
Pittsburgh Pirates,Washington Nationals
San Diego Padres,Washington Nationals
San Diego Padres,Washington Nationals
San Diego Padres,Washington Nationals
San Francisco Giants,Washington Nationals
San Francisco Giants,Washington Nationals
San Francisco Giants,Washington Nationals
Seattle Mariners,Washington Nationals
Seattle Mariners,Washington Nationals
St. Louis Cardinals,Washington Nationals
St. Louis Cardinals,Washington Nationals
St. Louis Cardinals,Washington Nationals